100,99.1848,101.265,102.013,101.842,100.445,99.7135,96.6897,95.3454,95.9326,95.7195,95.8546,95.2514,95.3026,95.1517,94.4026,93.321,93.6543,93.6237,93.8449,93.7145,95.3468,98.1342,97.3716,99.0456,96.0184,94.4328,95.5686,96.1289,97.7973,96.0967,95.5522,94.5496,95.381,94.8888,92.9231,93.0357,92.4027,94.1055,93.8725,93.6467,94.6582,96.385,95.077,98.9291,100.128,102.644,103.075,103.23,103.973,105.132,102.743,101.963,100.678,100.278,100.232,99.0412,96.7112,97.7255,99.1255,99.4065,100.48,100.868,101.902,103.724,103.48,102.292,101.931,103.86,105.791,106.837,104.306,106.02,102.751,103.995,102.541,103.08,102.139,101.724,99.6121,101.085,101.014,101.924,104.721,103.107,103.594,103.914,101.697,102.656,102.888,103.472,104.6,106.038,103.699,102.216,102.073,99.9259,99.3168,100.469,99.9639,98.6765
100,100.72,100.345,98.813,96.8088,94.9922,95.1943,94.9918,97.8154,96.6214,95.3106,94.5052,93.8311,95.6498,92.6322,92.6122,92.609,91.145,92.2948,92.954,91.9027,92.4022,92.3304,92.0106,91.9171,93.4225,95.474,97.6384,93.9546,95.7301,98.886,97.8713,97.5725,96.6752,97.7625,97.7496,98.2976,97.7362,99.5627,100.154,99.5011,99.6433,102.588,103.944,103.308,101.836,102.967,104.701,103.87,99.9969,100.667,102.102,102.87,103.948,102.647,103.285,106.241,105.42,104.44,105.06,105.101,105.923,106.045,106.357,106.141,104.446,105.997,106.188,106.385,106.04,107.543,109.365,110.47,112.452,109.317,107.524,105.937,104.667,100.113,99.5506,99.5632,97.9018,97.234,98.668,99.9866,97.1434,97.7794,98.0171,101.419,99.1327,99.9645,100.612,100.614,101.966,101.769,99.7137,101.702,102.331,103.672,101.221,101.234
100,102.266,101.909,99.1712,99.9536,100.47,101.011,100.836,103.223,106.563,105.619,104.118,101.375,101.224,98.7524,96.7615,98.8218,97.12,95.6253,94.4031,93.7781,95.0536,94.0219,94.6382,95.329,92.7408,92.0407,89.8916,90.1761,89.1909,89.0358,88.3023,91.0011,88.8637,90.502,88.8714,89.0793,89.2997,86.7688,87.253,86.5937,87.8813,87.6971,89.3259,87.593,87.1126,87.6884,86.687,84.0851,82.4326,83.5001,82.4299,81.5988,83.8214,83.4016,81.4576,82.1884,82.4342,82.7345,85.4318,84.8486,86.9977,86.2321,86.3627,86.0347,85.1639,84.4001,84.0575,85.4737,84.7782,84.1538,86.8698,87.5789,87.1652,87.294,91.5344,93.6985,95.1006,96.4567,96.9797,98.519,99.4477,99.776,98.2293,98.9453,99.6879,100.384,102.137,103.074,101.303,100.248,98.9242,98.7767,98.169,99.8529,97.5331,99.8771,98.1452,100.075,98.3858,95.8422
100,102.033,100.439,100.339,101.042,103.193,99.7418,102.317,105.243,105.875,104.908,102.496,103.283,104.982,105.291,103.536,104.758,106.036,104.669,101.109,102.1,102.002,98.2189,97.7938,96.9381,98.4054,97.8107,98.2277,98.4017,93.3967,91.5124,94.5078,96.1384,96.5215,96.0388,98.5002,99.0051,99.7704,101.137,101.249,101.355,100.785,98.6033,98.2733,99.6149,97.8564,97.9419,95.7883,96.4552,96.2004,96.643,98.2311,95.6515,98.3722,98.1472,96.8567,99.0493,97.3071,96.1572,95.5602,93.2782,90.5856,92.5888,93.6872,94.9174,95.9927,96.8202,97.9588,96.3365,92.7597,92.0049,90.8445,90.9418,90.5647,92.4508,93.0154,93.0984,92.9703,92.6115,91.1311,92.3162,90.9795,90.0285,89.0876,91.0483,90.2364,90.0582,89.0682,88.6693,87.2862,87.9167,87.1891,85.4167,83.6992,82.7018,80.6343,80.2547,78.4525,80.5256,80.0484,79.2792
100,102.577,104.213,104.458,102.624,102.162,104.551,104.4,106.697,105.721,107.72,108.165,107.391,107.769,108.159,110.871,112.252,112.558,113.97,115.591,114.496,112.172,110.868,109.785,108.689,107.272,108.098,108.671,107.99,108.009,107.88,109.991,109.062,110.635,112.911,113.643,112.535,108.102,110.113,111.128,111.234,111.599,113.779,116.583,116.813,115.296,118.327,118.997,118.834,120.42,117.001,117.415,118.589,120.357,120.117,122.352,121.482,121.742,120.654,118.575,120.245,116.949,120.58,116.623,119.302,116.131,117.143,115.552,118.511,117.181,119.114,119.217,119.879,120.042,119.102,120.24,117.888,115.621,114.787,114.898,115.816,112.066,110.115,108.101,106.645,106.599,109.814,110.04,108.292,107.691,106.445,106.759,107.292,107.352,107.466,107.43,110.056,110.399,110.635,110.232,111.042
100,101.389,100.858,100.531,99.2216,100.109,98.9575,99.3128,101.126,99.803,99.937,98.1469,97.1199,96.5629,93.3918,96.4906,96.0733,96.9028,99.2209,101.336,104.562,106.277,103.06,102.628,103.757,104.715,102.487,102.474,99.2603,97.3835,96.4908,96.4496,98.2093,99.5823,99.8651,100.569,100.576,101.461,102.738,105.539,106.019,105.902,107.919,108.987,107.504,110.314,110.698,112.004,113.705,112.217,112.261,113.096,112.779,114.927,111.933,108.651,112.081,112.495,110.126,110.584,109.629,107.947,107.851,108.633,110.779,113.332,112.392,110.296,109.467,110.075,110.404,111.593,112.516,113.351,114.262,113.104,112.141,112.578,113.869,110.941,112.345,115.619,114.763,115.301,116.291,120.213,121.529,118.639,122.261,119.291,117.123,117.244,115.938,113.268,113.707,112.41,109.246,111.076,112.643,112.61,115.548
100,101.277,101.894,101.145,99.7699,100.787,100.748,103.279,101.815,101.97,98.5905,97.4438,101.169,101.274,105.87,104.254,103.525,105.769,105.573,105.638,106.488,109.267,109.883,111.876,112.453,112.284,109.832,109.175,106.709,108.049,107.349,106.932,109.493,110.584,111.735,113.801,113.507,112.445,111.664,111.129,110.427,109.774,111.383,110.604,109.402,107.672,110.007,107.385,108.484,107.194,109.361,110.172,108.61,108.285,103.73,101.301,102.514,102.785,100.419,101.158,100.106,101.705,100.613,99.2478,97.031,97.1659,97.8187,97.7833,98.064,99.7319,99.9772,97.9643,96.3215,94.7906,92.0596,90.1738,91.737,90.9656,90.1918,93.299,92.7589,94.3066,95.3289,92.9593,95.5432,95.9028,99.9922,97.6829,97.6759,100.055,98.9882,98.5593,98.3038,98.4872,98.0669,98.8513,99.0587,101.206,102.8,102.42,102.97
100,97.8785,97.936,99.4576,96.8982,97.1714,98.6109,99.2907,101.898,102.568,104.535,102.877,102.467,102.088,101.173,102.376,104.515,105.916,106.468,106.913,107.79,109.675,107.202,108.995,108.258,107.179,109.128,108.552,110.139,110.591,110.017,110.104,110.601,110.419,108.205,103.654,107.26,109.002,110.463,109.698,107.458,110.504,108.847,110.772,112.648,114.914,115.148,117.546,117.555,116.367,116.127,116.114,119.329,117.705,116.123,117.634,116.039,120.11,119.954,120.446,122.639,121.741,124.359,122.516,119.091,118.713,119.002,118.801,120.311,123.076,124.498,125.572,125.354,125.143,121.835,122.128,119.869,120.316,120.771,125.009,124.123,121.643,119.326,118.075,121.064,125.32,123.549,122.458,124.315,128.012,128.46,130.994,132.395,134.291,135.958,136.009,136.118,137.663,138.248,138.532,137.964
100,99.5489,103.507,101.562,101.025,99.9212,100.875,99.6408,98.203,97.9305,99.1268,100.135,99.1464,99.0656,99.5967,102.929,105.159,103.146,107.46,106.085,107.738,107.89,105.809,102.489,103.004,105.11,105.905,109.21,112.072,112.342,112.029,113.77,109.697,107.897,105.976,105.293,104.274,108.407,105.925,104.857,103.82,103.421,103.706,106.463,106.266,106.273,105.565,106.846,109.485,110.615,110.218,111.01,110.568,108.99,106.477,107.408,107.768,109.15,108.079,107.856,108.855,108.09,107.29,107.102,107.95,108.739,109.704,107.646,108.435,112.574,112.9,110.011,115.322,112.14,111.029,114.819,113.311,109.471,106.566,106.294,106.013,105.923,106.313,106.537,105.178,103.657,102.685,102.777,102.853,104.291,105.61,108.621,108.861,110.707,113.638,113.933,114.901,114.264,113.821,113.384,112.129
100,100.922,99.5204,99.3971,100.986,100.773,101.144,102.488,101.248,98.3593,99.3532,98.0429,97.6412,96.667,96.1127,95.6507,95.6024,97.2285,96.7297,95.7156,96.5442,97.2842,96.4833,95.6184,96.3493,99.0695,98.7374,101.621,100.737,103.395,105.148,104.9,103.919,105.717,105.018,106.204,105.31,105.255,106.359,106.554,108.676,107.882,109.269,110.504,109.312,109.738,110.478,113.098,112.53,110.552,108.7,110.141,111.738,111.272,111.892,114.837,115.736,112.849,117.181,116.347,115.631,111.299,114.069,113.647,114.556,117.189,120.126,117.27,117.944,117.136,116.139,118.198,115.842,119.321,116.712,116.053,119.534,119.427,120.046,122.393,124.093,125.001,125.516,126.373,125.208,123.5,123.83,123.134,123.133,121.014,119.919,118.522,118.659,120.619,119.78,118.025,119.181,119.445,120.107,122.652,125.845
100,97.6919,98.5409,100.453,104.153,103.644,106.774,107.851,108.632,110.882,110.864,109.911,107.907,107.565,110.145,111.254,114.93,114.433,116.287,113.561,113.232,116.128,117.989,117.68,114.135,115.035,115.034,113.584,112.79,110.467,109.869,107.648,108.244,107.713,108.557,108.427,110.146,110.809,112.123,113.633,114.255,119.662,120.435,125.2,124.516,124.385,127.507,130.454,132.725,133.96,130.837,128.327,128.106,130.555,129.16,130.654,127.626,130.861,133.756,130.97,131.748,126.556,125.167,124.988,123.405,123.056,126.451,129.436,130.003,128.676,130.798,128.193,127.644,129.698,129.54,129.599,132.666,129.433,127.966,126.502,128.439,128.171,124.399,123.307,124.126,122.479,120.161,124.179,121.353,118.989,121.191,118.204,118.547,121.26,124.581,123.721,125.792,126.149,126.259,125.295,126.517
100,98.6621,98.9678,101.415,100.079,99.7753,102.781,103.426,103.553,100.942,101.189,98.0025,98.6586,99.4353,98.3493,97.1596,98.0639,97.1996,96.5427,96.5227,96.3914,95.6544,96.6441,97.4072,97.9787,97.6122,97.9255,99.0625,99.354,102.112,103.433,102.763,101.239,102.69,100.195,100.529,100.039,99.5626,98.6692,99.7287,101.6,102.805,102.651,102.062,103.306,101.917,99.6644,101.446,99.402,101.815,103.904,105.614,102.398,104.147,107.665,110.576,106.987,106.631,106.72,105.042,105.783,108.406,108.432,108.55,109.597,107.653,107.821,105.168,104.95,101.489,103.084,104.637,106.016,106.177,108.324,108.083,109.608,112.177,110.179,107.843,107.706,107.029,106.292,110.1,110.894,111.264,112.169,113.858,118.125,117.289,117.765,117.67,118.258,120.641,120.833,121.799,120.824,119.634,121.381,121.129,119.64
100,99.3193,99.4424,97.9502,98.5839,102.414,104.238,105.176,103.47,102.764,103.198,103.496,104.106,101.569,100.182,101.829,103.228,103.932,105.027,105.983,104.19,103.824,102.921,102.243,103.96,103.855,104.103,102.051,100.925,99.3158,97.5418,98.3886,96.3889,97.4824,95.2091,96.192,98.9803,98.0719,97.4774,100.025,101.873,102.496,102.091,103.168,104.548,103.381,106.094,107.936,105.904,103.213,100.803,102.601,102.287,104.23,104.576,103.77,105.089,102.964,104.345,107.042,104.564,104.194,102.112,99.8081,99.9999,100.001,97.295,98.597,99.656,101.659,99.8438,99.3684,98.9357,100.831,101.439,101.428,101.014,99.6339,100.809,102.154,100.383,101.581,100.99,100.648,101.181,101.854,105.686,105.957,105.322,104.878,102.451,100.673,99.5945,97.7697,97.8473,99.8126,99.6868,99.9992,102.147,102.734,104.655
100,100.063,96.2629,97.2767,100.533,103.608,104.215,104.922,103.824,103.021,103.946,103.109,102.45,103.32,103.478,104.613,104.83,104.503,101.401,101.885,100.323,100.167,100.623,102.167,102.979,101.356,101.283,101.359,98.9463,97.51,97.8874,97.2251,98.3156,100.21,97.7107,94.7409,96.4049,95.5439,94.7471,94.6233,96.9969,98.3151,96.1024,95.7419,93.9724,93.1917,92.1215,94.2672,95.6272,96.5551,94.7066,93.7169,92.6933,91.2656,91.9635,93.0011,93.684,95.5899,94.9814,96.9401,95.0866,99.0022,96.1006,94.4244,93.8611,92.3889,92.0811,94.0111,94.5821,95.4328,94.0128,95.5057,93.3028,94.8456,95.4638,94.8523,94.6952,92.8339,94.0025,94.0142,91.546,92.3339,91.8063,92.5674,94.1197,94.5971,96.069,95.9181,96.6574,96.9213,97.6248,97.3973,97.8975,96.8613,98.07,100.042,100.035,96.7719,95.3977,95.0447,95.5924
100,101.554,101.458,100.547,101.446,103.149,103.461,99.659,99.6513,100.028,101.862,100.937,97.5821,99.4443,99.2457,98.0635,98.1349,99.5675,100.66,99.6354,99.4777,99.1785,100.063,100.042,101.105,100.652,99.0415,98.9515,97.4464,97.4115,98.6575,98.7386,99.3043,97.7058,98.0245,96.8106,93.7007,94.9429,94.4301,92.8516,92.6356,93.0971,96.0027,95.9551,97.6281,95.8509,96.6695,96.1753,97.1999,100.36,102.816,103.418,102.184,103.949,101.26,101.733,102.238,101.421,101.862,100.951,101.793,101.793,100.361,99.7345,99.004,101.245,103.471,104.528,103.191,103.466,105.085,104.821,102.924,103.267,104.494,105.461,106.459,105.906,105.61,106.024,107.78,105.685,106.643,107.894,109.463,112.051,108.309,109.46,109.62,111.633,112.197,112.751,114.694,116.064,116.925,118.074,112.091,112.507,110.922,110.46,111.52
100,99.477,98.8052,98.2073,97.6396,95.197,93.1287,94.6674,94.728,95.1833,94.4255,93.0206,94.0759,93.143,93.1334,95.3608,97.7047,98.2965,96.8356,98.1019,99.7112,101.709,101.855,101.407,100.035,101.243,99.9144,99.6746,98.8131,99.8801,100.837,102.474,101.084,99.444,100.152,100.148,98.1495,99.4737,100.777,100.872,101.437,100.141,100.939,103.523,106.195,106.534,107.249,108.131,107.478,103.871,102.802,101.575,97.411,97.9213,98.1733,98.4043,97.697,96.2346,95.8533,97.0552,96.9955,95.6109,94.2454,91.494,90.0273,91.0211,90.3759,90.1618,90.4178,89.7648,89.9586,91.0468,88.373,87.4139,88.8526,88.5508,88.3657,90.6501,91.1516,90.6483,92.2622,94.0373,94.8305,94.8427,95.4495,94.4497,95.108,93.5909,92.8179,92.6514,93.1017,92.8883,91.7464,94.4312,95.1237,91.8447,93.274,95.3163,95.6816,96.5018,94.5614
100,99.6608,98.3434,98.9666,98.7735,98.4921,100.185,100.018,101.561,100.282,100.642,100.201,100.188,100.318,102.557,102.556,102.012,103.337,103.788,106.303,104.973,105.564,104.482,103.714,104.74,104.898,107.447,108.068,108.278,106.84,105.367,103.336,102.63,104.621,101.259,100.044,99.7527,98.5411,98.1678,96.1648,95.1516,97.0058,95.3703,94.0237,94.8069,93.1828,94.5548,94.6436,92.033,94.873,93.2811,93.8379,93.4694,94.6073,92.7836,92.8406,92.9855,92.4023,91.3063,93.204,94.5586,93.7871,95.4321,94.2064,94.6587,94.6646,93.798,94.3401,93.2529,93.8234,94.6379,93.9355,93.8474,94.2841,92.8587,91.1031,92.1338,92.5392,91.3781,89.8572,90.029,90.2304,90.4697,88.2578,90.4738,89.6702,90.2618,90.6213,88.9696,89.5915,87.4025,89.9988,90.862,91.9776,92.9264,92.2722,91.3446,90.9225,89.5516,90.2077,89.4122
100,100.677,100.184,99.9111,99.0297,101.22,100.467,100.823,101.367,100.474,101.536,102.09,103.442,101.22,98.8423,96.8801,96.0579,94.599,94.2758,96.3148,96.1912,95.7681,95.7155,94.7228,95.3,96.0354,97.2841,97.5314,97.6084,99.0241,102.113,102.958,106.416,106.014,103.667,104.519,101.842,100.493,101.65,101.9,100.906,98.9765,97.1963,97.385,99.2354,96.7064,95.9065,94.9292,96.1764,97.4501,100.222,99.1535,97.957,97.8513,100.428,100.491,99.7278,100.113,99.3456,100.686,100.59,99.2591,98.6936,98.1814,97.6809,98.6413,98.5449,100.359,101.263,101.88,100.646,99.6359,100.756,98.0996,97.81,97.5096,98.8714,99.2004,100.435,98.0266,97.7707,93.9418,91.943,95.1409,94.3474,90.5979,88.8448,92.0502,93.4137,93.8418,94.2849,91.7359,91.3228,90.902,88.9185,88.7808,88.1134,87.3528,88.4699,87.715,88.8639
100,101.596,101.723,101.071,101.264,100.833,100.72,101.899,100.182,99.6399,100.187,101.087,102.39,100.573,102.164,100.327,100.986,102.06,102.973,102.404,103.345,105.055,105.502,104.45,107.957,109.834,111.286,110.962,109.616,111.525,109.744,112.735,113.28,114.693,119.15,119.274,118.724,118.205,119.595,122.036,122.277,124.681,128.304,128.947,128.771,127.163,126.81,128.372,129.603,128.507,128.258,130.884,129.624,129.318,131.471,130.907,129.333,129.518,131.611,132.161,129.522,128.444,125.782,129.99,130.474,129.789,129.667,129.157,124.494,125.609,125.718,123.326,123.593,122.859,118.938,119.372,118.493,120.808,121.214,119.646,121.843,122.066,124.236,124.774,125.067,123.311,123.519,121.453,121.188,121.002,122.378,122.127,120.483,117.568,115.488,115.44,115.374,115.478,112.954,110.57,108.543
100,100.257,100.299,99.1347,99.4583,100.078,100.07,100.277,98.3674,97.6543,98.6469,97.9668,99.5659,100.427,99.1364,99.2847,102.369,101.599,102.598,102.878,100.959,100.431,100.946,99.9637,100.941,102.587,101.202,100.248,101.889,101.466,104.133,104.02,104.175,104.625,105.478,103.866,104.294,106.123,103.424,103.368,102.533,105.088,105.631,105.019,105.297,105.258,104.443,104.51,103.088,105.677,105.615,102.551,102.441,103.95,108.189,106.31,109.691,110.836,110.485,111.022,111.948,109.061,105.441,108.176,110.689,113.047,112.887,111.548,109.838,108.443,106.65,105.275,106.451,107.216,110.882,111.729,113.591,112.117,114.206,114.473,117.01,114.477,116.601,116.881,117.225,117.806,116.722,115.512,118.234,116.235,117.955,119.383,123.23,124.511,127.797,129.36,130.153,126.983,126.746,125.317,126.194
100,98.3478,99.9016,99.4984,98.8072,97.6437,98.078,99.8101,100.221,97.9932,97.301,99.5081,98.2451,99.1566,100.817,100.628,102.617,102.979,106.468,107.176,106.844,104.328,102.739,101.069,101.346,99.817,100.485,100.85,100.374,98.6828,100.104,98.6591,98.3588,97.0792,96.1915,97.0288,99.3989,100.466,101.861,102.174,101.529,98.3543,96.802,97.0931,98.6746,99.0053,97.2382,94.4835,95.1627,95.4487,95.6284,96.7189,98.0646,98.7712,97.8786,97.2824,97.5964,97.3663,96.8038,95.8559,96.1046,96.704,94.1677,93.9216,92.5575,92.5711,92.1558,93.5494,93.4808,92.0859,92.986,94.7981,92.9089,93.2376,92.3765,94.6688,94.2202,95.5745,97.4895,98.7483,99.901,100.904,100.259,100.13,99.633,99.8621,98.3778,102.082,102.904,104.489,106.857,107.252,106.239,106.742,106.466,106.959,108.301,109.15,111.152,109.725,110.485
100,100.578,101.54,100.807,100.66,103.072,102.672,101.571,100.257,100.483,99.3393,97.3182,95.0854,93.2458,92.8951,91.1084,89.4585,90.4693,89.3248,91.9446,93.2968,94.4289,97.1459,97.3586,98.8968,101.834,102.658,104.476,105.085,104.044,102.589,102.843,103.351,107.148,106.161,105.469,105.766,105.828,106.093,103.548,103.863,106.011,108.111,108.667,111.113,109.675,110.8,111.245,112.674,114.175,113.4,113.527,115.107,113.327,114.104,112.57,114.717,114.848,113.641,115.586,117.564,118.967,118.982,117.707,114.713,116.916,115.699,116.046,117.223,120.037,120.574,118.193,117.912,118.261,120.236,120.178,121.942,122.712,121.174,121.539,121.582,119.578,122.536,121.038,121.587,121.521,116.767,117.896,117.975,115.332,114.974,117.295,115.855,118.662,117.179,116.637,118.519,120.428,119.119,116.349,115.946
100,100.874,101.429,103.201,105.21,104.355,104.745,106.939,104.813,104.929,106.162,105.204,102.899,102.049,99.8028,105.119,104.649,108.255,107.172,107.056,104.737,106.003,108.615,105.603,106.82,105.537,106.693,104.957,104.138,106.82,109.58,106.386,105.642,107.149,105.364,105.036,104.205,106.472,106.839,104.559,102.945,101.622,101.776,101.132,103.278,101.134,100.593,101.647,101.53,100.158,101.31,102.713,101.985,103.644,105.628,100.959,102,101.762,105.542,108.238,108.479,107.431,106.076,108.298,107.353,106.426,106.091,106.067,104.534,103.613,105.737,107.062,106.301,108.715,109.127,110.563,111.817,110.871,110.26,109.25,108.502,106.256,108.808,109.249,107.549,106.994,106.196,108.631,108.872,106.004,109.727,109.208,108.987,109.795,110.368,108.841,109.378,111.818,112.755,111.327,112.107
100,99.4458,98.9301,100.365,99.7484,99.0723,98.5384,99.2372,97.838,97.1911,97.6703,100.471,99.4096,100.174,97.3344,92.3501,94.1788,93.8828,95.0333,94.586,94.9725,95.515,97.0932,95.7879,95.9986,96.0323,98.7952,101.706,105.261,104.236,101.443,101.389,99.8132,100.181,100.486,102.784,104.45,103.581,105.123,105.148,103.921,103.653,104.344,105.445,103.313,102.671,102.08,101.729,101.665,99.7098,99.175,100.253,100.102,101.563,101.991,100.033,98.9468,98.0441,97.6978,98.0314,97.2916,95.465,94.7551,95.2631,94.4739,95.4413,96.4331,96.2064,96.8455,96.8026,97.4169,96.0475,96.2315,96.8039,96.8877,95.0136,95.5246,93.4501,93.6054,92.6276,92.8903,93.077,95.5054,98.5845,99.8031,100.483,99.2565,99.796,98.0195,97.1049,99.7269,99.6088,98.2892,99.4592,102.568,104.854,103.434,106.809,104.147,106.956,108.368
100,97.5188,96.0478,95.8718,96.6289,94.7473,96.6358,97.5319,97.3418,96.6174,98.8964,96.8409,97.9224,98.0454,100.236,101.41,102.504,101.231,104.486,104.468,106.346,105.021,105.516,106.099,108.289,108.399,105.912,106.358,108.052,110.074,108.21,109.196,106.106,104.56,102.439,103.175,105.193,102.47,101.972,103.181,99.4315,99.2491,98.2253,99.6118,95.869,96.3688,95.2869,96.7198,96.2406,94.2497,95.8054,94.9573,96.9403,96.341,97.6682,98.1772,100.092,100.109,100.302,98.5656,100.675,100.089,100.11,102.408,103.092,101.092,103.607,101.01,100.983,100.278,98.9257,97.923,97.7068,98.8198,97.3338,97.416,98.8517,100.156,102.104,101.8,103.025,102.883,103.456,100.928,101.186,100.79,101.002,101.192,100.344,101.302,103.217,104.13,102.917,100.734,99.0848,97.9939,99.5502,98.8528,99.0319,101.228,102.482
100,98.4184,94.9065,93.3903,90.1179,92.1572,91.1027,90.5447,86.7681,87.3264,88.1651,88.3983,90.3773,87.8733,88.3901,86.0159,84.7428,85.2083,85.9659,84.833,85.2537,85.5418,84.2956,83.0068,82.18,81.3722,80.7606,79.2741,78.247,80.1108,80.6724,80.9609,80.9292,81.3957,82.0747,84.2337,83.1677,84.0025,83.0536,80.6013,81.2661,81.3522,80.9253,81.3118,81.4924,81.4994,82.453,82.4132,82.8733,82.9306,81.6666,83.0574,84.0184,85.7369,86.4533,87.6042,88.1787,87.8974,89.1657,87.9104,88.8968,89.6931,90.1873,91.3289,92.8043,92.6829,94.1985,93.8242,93.3511,90.8068,91.192,91.271,93.1343,89.5767,89.0303,88.7799,88.7481,87.8591,86.6804,85.9238,85.9062,84.947,85.7014,87.2536,87.4758,87.966,87.9347,87.963,88.3713,87.6226,87.551,87.192,87.4093,88.503,90.5977,88.6945,86.7564,86.2531,86.0996,86.9678,86.7434
100,100.499,98.4006,100.58,99.7165,99.8937,96.5637,98.687,99.1631,95.9234,97.0685,98.7474,101.025,99.817,101.818,99.9351,99.4214,97.7824,95.6258,96.5728,96.0674,98.2288,99.9813,100.21,101.843,100.638,99.6562,102.158,99.4481,101.535,99.6619,100.271,101.601,103.075,105.319,108.661,106.899,106.651,106.574,107.511,103.997,106.466,107.347,110.934,112.192,110.83,111.044,113.254,112.771,109.772,110.622,112.389,114.644,114.394,115.835,117.158,116.279,115.577,115.145,112.197,111.872,113.483,115.42,116.223,117.077,117.763,117.21,114.817,115.021,118.059,116.787,120.172,119.498,119.946,121.6,122.717,124.682,125.847,125.508,125.508,126.75,123.393,123.29,123.637,123.592,123.259,122.296,121.882,122.802,123.273,122.548,121.139,121.172,120.82,122.054,121.841,119.137,116.173,115.134,115.495,117.569
100,98.3929,98.7616,99.0796,100.685,98.5682,96.3632,98.3588,100.643,98.5891,94.842,94.8343,96.4955,96.4241,97.4706,97.4987,98.4868,100.089,99.4445,100.449,100.777,100.053,100.313,100.873,103.356,105.382,104.835,108.415,106.263,104.239,103.976,103.266,106.274,107.453,107.871,108.384,110.354,110.743,109.677,110.113,109.434,110.712,113.47,114.765,115.148,113.287,114.702,119.187,119.286,118.399,120.602,119.461,118.391,121.304,122.923,123.241,124.354,125.001,124.183,120.559,119.083,117.288,120.226,121.448,120.873,121.369,124.036,123.493,121.281,121.234,120.01,115.412,117.593,116.753,116.047,117.102,114.891,112.647,110.25,112.784,114.263,112.175,112.067,113.804,112.608,112.458,112.68,112.638,113.195,111.931,114.579,112.196,110.747,108.934,108.063,108.119,108.498,109.49,107.719,108.325,110.841
100,96.1592,99.0341,100.177,102.159,103.871,103.478,103.821,102.725,103.328,99.2286,99.902,101.961,102.048,104.744,104.915,106.533,106.128,107.698,106.284,105.951,106.346,105.957,101.838,103.14,103.495,106.712,109.262,108.352,110.423,111.683,111.189,113.96,114.881,118.858,123.354,124.368,127.213,130.446,133.144,132.094,131.825,130.098,128.609,129.122,126.439,124.961,123.09,123.454,124.792,127.403,128.259,131.242,132.991,136.271,136.464,136.84,137.615,135.821,138.861,138.294,142.57,144.012,141.378,145.754,144.948,145.669,144.741,146.556,143.414,144.952,143.271,138.848,137.973,138.181,138.484,141.783,143.707,145.621,149.877,146.66,147.31,147.82,148.302,149.757,149.335,147.51,150.052,149.764,147.898,144.244,142.925,140.28,138.186,141.786,144.415,145.641,143.248,140.032,141.917,147.403
100,99.6477,100.692,97.6208,96.8103,99.6919,100.424,97.4934,96.309,97.617,96.6524,95.468,94.8661,95.2159,95.2626,94.9675,92.9851,92.0991,91.4224,92.7468,91.3336,88.5862,87.7374,88.7208,89.0944,88.3554,87.3055,86.8636,86.0252,85.8934,87.3537,86.0865,87.2009,88.4811,87.9834,89.3527,88.278,87.8646,87.0441,86.4857,88.6955,89.5432,89.7586,90.1241,90.452,88.6821,88.6238,87.6562,88.1371,89.9903,91.068,92.9852,90.4554,90.2937,89.7484,90.0231,88.7944,90.2636,90.3732,92.6695,91.6452,91.7901,92.7345,92.3216,92.0867,92.3405,92.0207,91.1444,90.8735,89.7381,89.9937,89.707,90.164,91.5357,92.5221,92.9873,94.4014,93.9578,94.5967,95.7507,96.7547,97.3297,95.0337,94.5387,96.5209,95.9251,95.1077,95.3086,93.1506,93.4478,93.509,92.395,92.9969,93.6411,94.0482,94.6667,93.9839,93.1022,93.2349,92.8421,93.2592
100,101.078,101.508,99.541,97.9274,98.2879,99.3493,100.501,99.5148,98.2206,97.1089,96.919,97.1575,98.1214,96.916,95.3267,97.5676,99.3461,99.0474,99.8772,100.73,100.078,97.6521,97.7842,99.8013,101.384,99.7248,100.861,98.0368,97.1088,96.6023,98.962,101.919,105.549,104.435,103.024,100.301,101.031,100.226,99.5789,99.8422,102.668,101.704,101.285,100.541,101.926,100.957,100.901,99.3953,97.1256,96.757,96.0391,95.9287,95.6283,97.6058,96.9013,96.7219,98.1331,97.5984,97.9946,98.0447,93.8326,91.5545,91.9975,91.6241,92.337,92.0045,92.4948,92.831,94.6122,96.1889,97.6717,96.5956,94.9734,94.4655,95.1319,97.0088,96.6768,95.2743,94.8445,98.0053,96.7845,94.7997,94.5622,93.6845,91.187,92.519,92.2616,92.2711,93.4834,93.9839,93.3548,96.1807,93.6469,94.8981,95.8593,97.7447,96.1706,94.7993,94.1563,94.0858
100,98.6616,97.0661,95.6656,94.2715,92.3028,91.7775,93.2519,92.2919,90.8396,91.993,89.2655,90.5817,92.3877,95.8126,96.388,95.5883,95.6951,93.6794,92.5111,92.2717,91.4961,90.8636,89.6982,88.1753,89.3404,87.403,85.7992,84.6024,85.094,86.198,87.4138,88.4987,88.3068,90.9215,91.3137,89.3116,88.0315,87.1551,88.3179,88.4695,90.1985,89.072,88.7601,87.4445,86.9471,87.4744,88.7232,86.3492,87.3428,86.5337,85.1148,83.4986,83.9469,85.0626,85.538,84.9857,85.1449,83.9289,83.4695,83.6491,83.755,82.7099,82.1416,82.0895,82.1214,80.8492,79.5956,79.0518,80.9974,81.0671,82.9264,82.4812,81.3041,83.9296,86.6265,86.6557,86.7215,86.5794,85.898,83.7378,86.8423,87.592,85.399,85.162,85.1328,83.3339,84.1568,85.6774,87.397,88.0251,88.0682,87.123,86.7815,86.1133,85.681,84.3894,83.9304,83.9119,84.4446,84.255
100,101.9,99.9717,101.147,100.746,100.215,100.756,99.7712,102.356,99.8994,100.644,102.491,104.423,104.345,106.119,107.25,110.185,110.108,110.982,112.97,112.273,114.436,115.018,113.003,112.686,112.611,112.919,115.026,114.478,114.959,116.207,117.784,116.919,118.493,121.824,124.26,122.758,124.352,123.668,122.187,122.079,121.058,121.615,122.807,122.382,122.782,124.291,124.177,124.18,120.412,121.869,122.426,120.475,118.652,115.246,116.291,116.714,119.097,117.156,119.951,115.591,114.849,114.551,113.19,112.535,109.205,108.8,105.54,105.505,107.363,108.666,111.423,110.151,112.427,113.04,111.708,112.529,109.857,112.097,111.568,113.448,114.64,116.487,115.177,115.133,117.68,116.415,115.131,119.845,122.123,120.186,118.419,117.087,118.748,119.611,121.484,122.322,122.302,121.993,122.721,123.078
100,97.5781,99.9275,100.595,99.1403,99.7789,99.8573,101.639,100.581,101.665,101.758,102.049,102.566,102.876,103.876,105.611,103.724,100.428,101.695,103.324,102.319,103.805,100.947,103.021,102.821,101.714,101.733,101.706,102.202,105.664,104.385,100.852,99.3854,98.525,100.91,100.382,99.95,98.8076,97.973,98.0889,96.6243,97.7148,97.1382,95.79,96.511,95.9182,96.0954,97.1202,95.6778,95.105,94.9489,93.4864,92.291,92.7775,95.5968,96.0336,94.4623,94.7214,96.2673,94.0321,96.0121,96.4109,93.5161,88.7945,89.1849,87.8373,87.0234,85.7053,83.9117,82.6326,83.3964,81.3639,80.166,80.7109,82.2816,81.0713,78.0205,79.5536,80.2077,79.7907,80.825,81.9088,79.524,79.623,79.2801,77.6647,77.4711,77.7529,78.1983,78.7732,78.2798,77.9758,76.3652,74.3694,74.4138,75.2573,75.2072,75.1833,74.8523,74.4266,75.0768
100,99.568,99.0818,99.0792,99.9464,100.724,99.9666,101.187,102.347,98.9856,98.0509,98.7122,96.5614,97.3941,96.9204,98.4554,97.546,96.3381,96.3398,96.0206,95.4137,95.5027,95.5338,95.8432,94.7012,93.7893,94.5545,95.4465,96.8046,96.9079,96.0971,93.2554,96.4679,94.794,94.6992,95.7433,97.3847,98.5646,99.9633,101.661,100.908,100.526,101.312,99.853,99.2387,99.0191,101.219,100.516,103.328,104.843,104.955,105.819,104.201,104.182,105.005,103.015,103.367,101.921,100.912,102.64,101.117,104.223,104.916,106.514,104.731,106.65,106.382,110.129,112.565,113.744,115.192,114.158,116.601,115.259,115.35,114.042,115.422,115.982,115.209,118.675,122.248,124.385,123.371,123.706,127.267,123.951,122.092,121.663,119.835,117.388,119.296,120.985,121.253,122.477,121.145,118.879,119.936,117.945,116.69,114.83,111.943
100,99.8574,99.9482,98.7244,100.519,99.9681,98.0167,98.0945,96.4791,95.6119,92.9317,93.7512,92.4488,90.0311,88.9414,89.3911,89.1351,88.3258,87.9799,88.1483,87.2674,86.8497,85.6946,84.019,84.9929,82.7019,82.6636,81.452,81.7501,79.9337,81.1868,82.7078,83.2794,82.2065,80.9369,80.3562,79.2206,78.554,79.1867,76.776,75.485,77.4256,79.3238,78.3639,79.046,80.2001,81.1263,81.1935,80.8964,78.8982,80.3891,80.028,81.2568,80.0023,78.6672,77.238,76.2397,76.8234,78.9044,79.5937,80.8956,81.0036,81.0951,80.7226,80.2517,81.5856,79.8581,78.5909,76.4435,76.6168,78.9721,79.7519,79.9829,78.3068,76.4916,75.458,74.9635,75.531,75.4602,76.4043,78.0307,77.6021,76.4465,75.2822,74.558,76.4564,75.0278,74.7874,74.8145,75.4356,76.0051,75.1624,76.4539,75.4118,75.8878,75.9684,75.7643,75.9063,76.0995,75.4251,76.3582
100,100.296,98.9261,103.332,104.737,103.644,105.054,104.39,103.772,104.034,102.809,101.655,101.406,100.822,100.675,99.4243,100.585,98.9346,97.8966,99.324,99.6121,98.4826,100.725,102.679,104.268,102.069,102.024,101.949,101.225,102.021,104.247,106.003,103.057,105.364,102.29,101.954,98.2637,97.1419,97.4847,98.1705,97.0112,96.3936,94.933,95.4045,93.6823,92.1661,91.3699,91.1054,91.8452,91.3279,93.357,94.7407,95.2595,95.3655,92.9611,93.2462,92.7481,92.2461,92.2073,91.5108,90.159,89.8767,89.0229,88.8366,86.9705,83.5302,84.9313,85.0629,83.9561,80.8797,81.974,82.5273,81.6885,81.1839,82.1812,83.7191,83.141,84.2412,81.7709,83.1696,83.1022,84.5458,83.3497,83.5294,83.6827,81.3952,82.2797,82.9848,83.4651,84.2354,85.2335,84.0554,85.4847,84.158,84.11,84.0197,85.3137,86.4521,85.3927,86.4087,85.3573
100,97.8568,99.0466,97.8323,97.7128,99.3863,100.719,100.993,101.318,103.062,104.185,103.415,103.494,100.595,101.604,100.529,101.937,103.375,103.018,104.051,103.416,103.609,105.421,105.251,105.77,103.999,104.202,102.185,101.75,98.6768,97.3504,99.8695,100.29,101.779,101.095,99.2747,100.991,102.53,101.019,99.0602,98.9412,99.5912,98.6484,94.5136,93.3935,93.0706,92.6343,94.4229,94.455,94.8222,94.9182,94.9521,96.4924,94.6608,97.7496,98.6801,97.3006,97.0235,98.8902,101.553,100.016,100.55,99.3612,98.7151,100.704,99.8777,98.9545,100.567,101.963,104.898,104.973,107.053,107.126,110.942,110.237,110.045,112.69,115.079,117.608,113.201,115.892,116.869,118.169,118.584,119.456,121.806,122.289,122.716,123.745,124.555,126.734,130.351,131.393,128.397,127.576,128.017,128.183,128.417,129.849,134.812,136.384
100,101.237,99.1282,98.9531,98.1938,94.7882,95.546,91.8229,90.0107,89.5057,88.5201,88.7136,89.6842,90.3158,90.0086,89.0677,87.1833,87.4851,85.6023,85.8985,85.3483,86.0983,85.3575,83.5134,84.8846,84.2088,83.0033,83.2383,84.0465,86.167,84.152,83.7392,83.4757,82.9544,83.7356,84.2214,82.1782,83.2007,83.0158,83.2951,83.3936,86.8001,86.9629,86.1583,83.5743,83.5802,83.2029,83.7352,82.6416,82.6247,83.7435,82.3697,82.9089,84.3204,84.9556,82.6375,81.8247,79.6105,80.421,81.4937,83.134,83.7273,81.1781,81.8844,81.849,81.4063,80.66,80.4818,83.4307,82.1428,85.0913,84.6062,85.467,84.0035,82.8447,83.1501,83.1476,82.5741,82.2696,81.232,82.1255,79.1939,79.7559,81.2575,82.115,84.9537,86.5675,88.0865,88.6706,84.9857,83.4793,81.7436,81.372,80.1445,80.6885,81.5013,82.4116,82.4124,82.9825,83.986,83.0603
100,101.133,101.194,101.197,99.1762,100.74,98.3666,96.3763,96.7501,97.3384,95.3593,93.7908,95.7668,94.9977,96.151,97.1673,98.4008,95.6806,95.9253,96.6755,97.6944,98.0041,98.6343,100.275,98.9578,97.3623,98.7091,98.9261,100.919,100.669,100.887,103.006,102.905,104.506,106.166,107.62,107.943,108.92,107.563,104.221,103.999,102.974,100.515,99.5251,100.172,101.353,100.464,102.513,101.67,101.724,103.543,104.534,105.751,107.155,106.777,105.254,106.887,107.14,107.411,106.709,108.106,108.405,107.443,105.509,107.422,106.595,104.958,102.166,101.655,101.475,103.802,106.38,105.949,105.109,106.275,106.229,106.516,106.266,108.624,105.55,103.261,102.046,104.351,104.486,105.569,105.174,104.53,102.253,104.731,106.194,105.592,107.724,105.648,106.105,107.563,105.28,104.497,108.877,110.068,107.039,107.297
100,100.714,99.7478,98.378,97.6043,96.5165,95.2746,95.0447,95.3152,93.5463,92.9456,92.7065,90.5858,90.7183,90.1641,90.5423,91.1097,91.4591,91.6203,93.2117,92.7749,94.2957,94.1844,93.8112,94.7285,95.8605,94.0933,94.305,93.0908,93.9757,92.3705,91.1048,92.7987,92.7001,95.0805,93.7063,91.6419,92.9257,91.477,90.9639,89.6177,90.5401,90.1106,87.9113,87.6719,89.2457,89.8558,90.4172,89.201,87.1712,86.4512,86.477,84.8819,87.095,87.4965,86.3064,82.5352,81.7651,80.4481,82.8267,81.2675,81.9756,79.9726,78.941,78.1847,77.3208,76.899,76.7596,76.1646,74.5132,76.0306,77.7157,78.5135,79.0723,79.7737,82.2851,80.3474,81.1491,81.1251,79.7712,78.5788,77.6314,75.9695,74.9671,75.3683,74.478,75.3939,77.4647,75.5712,76.316,76.2537,76.4071,76.004,76.3547,76.4311,78.3746,76.0557,76.2443,77.5896,77.4795,74.9599
100,102.649,101.969,102.488,102.274,102.055,104.583,105.257,106.542,107.177,108.215,107.501,106.629,103.996,102.668,102.704,104.665,107.173,109.137,106.983,107.091,106.022,105.727,104.943,101.81,100.836,100.747,98.8132,97.6757,100.467,100.786,101.806,103.802,103.614,104.697,104.13,101.299,101.557,100.083,103.101,105.052,102.414,102.535,102.696,102.814,102.805,103.884,102.909,103.033,103.856,103.385,102.908,99.7914,102.297,103.385,105.266,104.651,104.059,106.75,106.476,105.595,107.365,107.252,109.778,108.511,106.45,105.177,107.163,108.036,108.771,109.088,111.171,114.491,113.764,113.84,115.296,117.236,116.677,117.442,117.202,117.09,116.045,115.521,114.411,114.895,111.256,111.577,113.46,112.449,113.483,111.954,113.295,111.912,111.363,110.883,108.644,108.755,110.929,112.588,113.506,112.908
100,101.202,103.671,101.948,101.026,100.444,101.394,103.937,102.426,102.847,107.389,108.719,109.56,111.046,110.515,111.747,111.175,110.627,110.057,109.119,108.735,108.168,108.588,108.161,108.457,108.609,108.757,111.292,111.91,115.688,118.081,117.303,113.064,112.95,112.545,112.561,111.05,113.78,115.992,115.43,115.153,115.865,116.507,115.192,113.873,113.845,112.46,111.261,112.86,111.183,112.784,114.175,113.777,113.808,115.595,115.224,114.347,111.211,113.529,112.022,109.263,108.493,107.905,108.293,107.229,106.344,107.509,106.389,106.091,106.473,106.221,104.471,104.966,105.402,103.947,104.222,107.09,103.205,100.147,98.1764,95.6499,95.8586,96.6763,95.5147,96.0956,98.7005,98.6432,98.0054,97.3544,94.7013,94.9406,94.3114,91.5577,94.2752,91.6703,91.1213,89.9437,89.2745,90.5297,88.4943,89.581
100,99.9127,99.1264,99.1421,101.562,100.63,101.884,101.056,102.174,102.183,99.262,96.8338,96.1619,94.877,95.1717,93.0752,97.463,98.7689,96.9703,98.2396,98.0609,97.2138,97.7945,99.404,97.343,98.1883,96.2877,96.1214,97.4815,96.0454,95.6212,91.2194,91.8783,92.0633,93.0819,93.4429,93.1455,89.7526,87.8993,89.6734,90.3291,88.9041,86.5747,87.0636,88.0752,89.5309,93.5756,92.5094,93.701,95.8467,96.6294,96.4768,96.2553,95.3037,95.5272,95.9001,96.3108,96.0532,98.2302,98.0119,99.0354,98.6793,99.6573,100.779,101.676,103.398,101.744,101.039,100.804,101.281,100.209,100.793,100.806,101.758,102.381,102.463,106.801,103.548,102.415,104.355,102.483,100.403,101.521,102.045,105.882,109.51,110.297,111.627,114.596,116.224,117.711,118.247,117.838,117.634,118.683,118.228,116.519,116.656,114.93,115.548,112.448
100,97.5439,98.7348,99.51,100.013,101.054,102.578,100.856,102.552,100.865,102.966,103.968,102.696,102.756,100.933,98.9731,100.408,97.9335,98.7762,100.396,103.557,103.526,103.894,103.76,103.248,103.193,102.222,103.221,104.31,103.221,103.451,102.69,102.693,102.181,101.208,100.194,101.497,100.254,101.672,101.958,101.266,102.863,102.861,104.258,106.261,106.026,105.48,106.388,104.365,105.16,102.788,103.194,104.131,102.596,105.423,101.171,98.3681,99.6338,103.698,107.494,106.004,105.734,105.204,107.918,109.933,110.224,109.843,109.609,108.582,106.506,104.525,104.132,104.206,102.411,101.065,98.2479,97.7524,100.657,100.143,99.4472,100.335,99.846,99.2738,100.054,102.068,101.757,101.689,99.3778,98.2261,98.4474,97.1048,96.9545,95.0045,95.9423,95.8547,97.4196,95.9534,95.32,94.396,95.8916,97.4412
100,99.8766,98.5256,98.7815,100.029,98.7813,101.396,101.212,100.908,102.902,103.893,103.697,103.834,104.031,101.71,102.686,101.693,101.341,100.732,97.982,95.8298,96.0376,98.7696,97.4216,98.039,99.0931,100.43,98.8348,97.6507,97.6284,96.5624,96.6379,96.9024,95.8702,97.7793,97.799,96.2054,97.2406,94.761,94.2938,94.4528,95.7764,95.2234,94.8863,96.1701,97.4496,98.3445,98.0574,98.5764,97.0414,97.6222,97.2963,97.4208,94.8872,94.3447,93.6677,92.2254,92.644,93.9211,95.7119,97.0962,97.3223,97.8283,100.798,99.3294,99.5283,97.4062,98.6776,99.9447,99.3277,97.606,94.6914,93.562,92.5616,92.7632,93.648,95.8067,95.1384,95.2173,94.8665,95.0512,97.8139,97.9367,97.7056,96.146,95.5813,96.6252,97.6396,100.002,100.331,99.2566,98.0762,97.0469,98.9279,98.7372,98.7231,99.8599,100.287,101.496,101.293,99.5145
100,99.909,98.5449,97.7172,96.7795,96.7319,96.6325,96.1773,97.6027,97.0547,98.3454,100.476,99.5173,96.8616,94.1665,93.93,93.6759,92.4492,92.4798,91.868,91.2446,89.3504,89.3821,89.6061,90.1525,90.7821,90.9657,90.4218,90.069,88.9933,90.4503,89.0191,90.4745,90.117,88.9236,89.3618,90.478,90.8409,90.9612,90.8723,90.9237,90.1808,89.4065,89.7472,91.5198,90.0387,89.3083,90.1451,88.1399,88.4515,89.9247,87.2441,87.1983,87.5196,91.8229,92.1655,90.7214,91.9363,93.4263,91.062,91.8751,93.0874,93.6193,92.4829,93.4318,92.4246,91.6807,93.0665,93.2474,94.868,93.0011,93.714,92.7718,93.1173,95.2097,95.9146,94.6223,95.057,95.6558,96.5845,96.9762,100.026,101.216,100.337,100.479,100.304,100.138,98.7467,98.574,98.6398,99.0911,98.2222,96.5139,95.1803,96.0918,97.146,94.4676,92.6115,92.4497,91.0526,90.8597
100,100.246,99.0949,97.0375,96.889,94.9256,92.9633,94.1954,97.7599,99.424,98.5478,100.176,99.3321,98.3586,98.4982,98.7235,99.762,100.108,100.733,101.978,102.315,104.275,108.386,107.896,108.278,106.235,105.932,104.322,105.395,106.488,105.908,105.137,104.78,106.718,104.799,103.888,102.595,102.585,99.8153,100.111,99.6243,100.754,98.9782,98.8595,96.1194,96.2229,96.4108,97.5843,97.8374,97.6259,99.6085,100.476,99.0202,100.941,100.532,99.2424,98.3554,95.7768,96.005,95.5435,94.8847,93.4688,93.8003,95.4663,94.2109,95.4662,95.4658,95.406,94.6405,97.1698,97.5057,97.2791,96.9772,96.4375,98.0643,99.5887,100.039,100.576,99.7169,101.131,103.831,103.498,103.967,102.428,101.509,103.556,105.95,106.514,105.473,107.39,107.593,107.577,108.224,108.806,107.933,108.316,107.765,107.177,107.075,107.932,106.36
100,100.085,101.055,99.4913,102.682,102.574,103.1,103.98,102.891,102.786,100.65,101.146,102.721,100.658,100.189,97.5297,96.9534,95.4289,96.8741,97.1648,95.8289,97.6192,103.644,102.931,101.574,101.208,100.854,99.778,99.443,98.8701,98.8472,98.8348,99.4087,97.9868,98.745,98.9462,99.2015,96.6398,96.4016,93.5154,95.0185,95.9864,96.9897,97.5015,96.7674,96.3476,97.5765,101.584,98.9299,97.1882,98.9659,98.2871,94.9888,95.078,95.0936,94.8567,94.9105,91.4493,88.9197,87.5697,86.1815,88.2976,87.4031,86.5353,88.8727,88.8935,88.4973,86.9082,85.7795,85.954,86.7468,86.339,85.9125,84.9442,84.8273,84.2889,85.0562,85.3871,81.9586,84.3854,82.6546,82.4611,83.5802,83.108,84.6948,86.2516,86.0411,87.6716,89.8142,91.7388,93.3964,93.6119,95.6344,95.7134,94.847,94.6332,94.4028,92.8168,91.5028,91.6383,90.9242
100,101.592,99.9519,101.537,103.425,103.41,103.299,103.97,102.313,106.75,107.046,107.58,109.376,111.061,111.013,112.955,111.408,110.481,108.679,109.714,106.675,105.787,106.21,108.454,106.946,105.722,105.528,104.497,107.566,105.709,107.557,108.398,107.836,108.256,108.183,105.581,104.738,104,106.334,107.488,107.981,106.842,107.364,108.222,110.149,110.465,110.82,109.614,112.435,111.555,112.281,108.958,105.778,104.742,103.149,104.263,107.723,106.703,108.001,111.803,111.93,112.727,110.672,112.317,115.086,115.481,118.662,118.884,119.996,118.353,119.335,119.892,121.358,124.599,124.743,127.055,126.568,128.237,130.807,131.546,129.646,126.093,129.867,132.184,131.834,133.481,133.274,133.77,136.658,136.876,137.961,142.391,143.063,142.325,142.215,140.424,142.673,141.384,140.093,139.67,139.155
100,101.081,102.427,103.597,104.943,103.923,101.166,102.62,101.852,102.326,101.544,103.573,103.546,101.462,102.791,101.412,101.405,100.181,101.871,104.282,104.101,104.876,105.994,106.632,108.031,106.435,107.381,105.606,108.774,106.968,104.463,105.694,104.879,104.898,105.154,104.154,105.378,103.915,104.49,105.629,106.708,106.697,107.455,108.768,107.488,105.369,103.03,102.631,104.85,105.227,106.43,108.473,112.142,113.403,115.019,116.516,118.896,116.323,116.205,116.932,115.981,115.428,115.401,117.626,116.272,115.392,114.785,115.105,112.713,111.73,111.519,113.165,112.722,110.887,110.958,111.905,112,112.347,113.987,111.8,112.606,109.709,109.365,110.408,109.966,110.578,112.266,112.912,114.089,112.741,113.216,116.147,120.16,119.267,119.71,119.895,120.734,121.22,121.594,120.993,120.331
100,99.5766,98.9618,97.9558,96.3432,96.3617,95.3226,97.445,98.7013,99.4049,99.5111,96.3689,96.7442,97.8814,96.1956,97.4349,98.7241,95.7545,95.5152,94.265,92.8122,92.3273,93.2269,95.3224,97.7873,96.4464,98.916,98.2188,98.9703,97.7798,98.286,97.1316,98.9589,102.034,99.0382,97.4508,98.1248,97.2852,97.0651,98.2673,98.2955,98.6937,99.6809,101.333,101.361,100.229,97.3199,98.8258,97.3775,95.4963,94.444,93.1602,93.9556,97.3702,96.8714,96.5804,97.7537,99.1197,98.9573,99.0907,100.108,97.8789,98.0523,97.8087,95.3193,96.1863,95.2809,94.1823,94.4831,93.9022,94.1535,94.7244,97.7147,100.434,98.0754,96.644,95.7345,96.2562,99.4075,100.533,101.623,100.76,100.465,102.939,102.32,104.38,104.723,103.544,103.444,104.482,102.216,100.862,103.476,101.336,102.146,102.581,101.737,101.729,99.0809,100.01,98.76
100,99.7689,97.7257,97.3305,94.5297,92.415,96.0214,96.9631,99.4434,100.12,99.3526,101.082,100.368,102.316,102.012,101.322,102.36,102.13,103.528,102.495,103.049,104.438,106.5,109.656,109.788,111.593,112.503,113.126,112.503,112.549,113.797,109.665,107.754,109.479,108.518,109.536,111.737,111.138,109.487,107.862,107.645,110.616,107.954,110.018,108.515,106.036,103.798,103.061,103.761,104.363,103.088,101.703,99.9248,98.9031,98.7953,94.4728,94.0212,93.4257,94.5937,93.1599,91.999,95.4044,95.9544,98.0122,97.5199,97.5918,99.3143,99.2087,98.8144,97.1272,98.5969,100.486,100.227,98.5396,99.5516,100.672,101.279,102.798,103.354,104.24,103.594,106.099,104.485,104.583,105.119,103.206,103.137,102.024,104.46,107.046,109.728,113.454,114.229,118.418,116.644,115.068,115.181,117.646,116.689,116.935,117.64
100,100.41,98.8221,95.6414,97.8542,98.8773,96.5838,95.8849,97.8892,100.036,97.0222,96.5096,95.3408,94.3954,94.8714,93.6551,92.4283,94.0737,96.7456,93.5541,94.3887,95.1586,96.0128,96.409,94.5579,95.394,96.9356,96.9745,95.9927,96.0986,97.1831,97.7863,99.6675,100.93,102.104,102.202,100.567,102.181,101.686,101.416,102.149,99.6935,97.7737,96.7288,97.2038,94.7989,95.7764,96.7606,99.1196,101.672,101.845,101.131,102.607,99.5684,99.7056,99.2776,100.901,99.1113,96.1565,98.5312,99.8534,98.3849,98.4351,100.568,98.4198,97.9462,98.6341,99.6596,98.8199,97.4948,98.4678,96.8555,95.1954,94.2177,93.567,92.8702,95.1697,93.4647,91.7105,89.1923,88.9611,87.1745,87.1124,87.284,88.8364,88.5465,91.4149,93.4559,89.032,89.9376,90.6407,90.5999,89.2393,88.935,89.2045,92.9712,90.5423,91.1384,92.3129,93.234,95.1121
100,98.9921,98.0513,99.3393,98.9964,100.203,101.135,101.476,100.501,102.609,105.769,106.376,106.714,106.451,107.502,110.81,109.494,107.066,107.775,108.925,112.52,112.82,112.715,111.681,113.671,110.307,112.099,110.762,114.734,116.415,115.809,116.973,115.649,116.468,116.136,116.722,115.154,115.054,116.516,117.071,115.871,112.988,108.985,109.285,108.127,111.005,110.678,109.124,107.893,108.139,108.817,110.458,109.604,108.233,106.196,103.772,102.49,103.114,103.246,106.094,104.274,102.153,102.055,103.707,103.151,104.724,106.525,105.64,106.446,105.08,106.502,106.181,105.57,108.506,109.624,108.735,111.425,109.617,107.977,110.368,108.446,105.862,107.171,105.33,106.614,109.142,109.731,109.36,111.203,109.757,111.067,111.818,111.554,110.345,112.784,114.048,115.422,114.38,118.079,116.826,117.99
100,103.975,104.257,103.463,103.844,104.838,105.877,104.138,103.91,105.321,104.498,104.126,101.385,101.261,102.811,100.108,103.432,99.8183,98.3817,96.9902,99.9447,99.0364,96.0693,95.2066,93.2129,94.3704,94.4483,94.5034,94.2718,92.1275,91.3326,90.8456,88.3175,87.7471,87.8774,88.1636,85.76,85.6279,87.7627,87.6997,86.9457,85.4205,84.0056,85.2852,85.8866,83.3307,83.1613,85.7876,86.2649,86.0492,85.7479,86.3915,85.2645,86.6036,85.7389,86.2009,85.3577,87.3896,87.3456,89.202,89.7743,89.5596,89.7252,88.6925,88.6588,87.7475,88.4732,89.6394,89.8103,90.0503,92.2328,93.2899,94.528,97.5713,97.0245,97.1779,96.3474,98.4571,100.65,102.183,102.226,101.488,101.163,102.295,100.432,99.5868,100.86,104.939,105.387,103.966,105.796,104.377,105.985,105.973,101.337,103.507,105.984,105.134,105.757,105.346,106.145
100,99.2403,100.958,100.172,103.322,102.414,100.947,98.4536,95.5083,95.3022,92.4636,88.8738,88.5317,88.1569,87.911,88.3729,87.7866,88.2033,89.0166,90.0003,90.7464,90.3146,88.2457,88.008,86.8142,88.0235,88.474,89.6921,87.1546,87.0602,86.5978,88.639,88.5034,89.3736,89.653,89.3016,88.9575,89.0112,89.606,89.5487,89.6255,90.3207,89.7574,90.6213,92.6829,95.8315,93.0264,94.1216,93.6595,94.5398,94.039,92.6609,93.3922,92.1807,93.3549,95.6635,93.4266,97.3629,95.9887,95.2706,94.9707,96.7619,97.712,98.0126,97.1078,94.9829,94.2117,95.6567,94.3657,91.93,92.1811,91.799,90.9615,90.8819,90.7221,92.0337,91.2685,91.5768,91.0508,93.1544,94.6365,94.7627,95.1486,95.5721,96.5786,93.7046,94.4936,94.5923,93.8083,94.088,94.3898,95.6899,97.6097,95.7188,97.0469,94.9591,93.3835,95.5099,95.2159,95.0575,97.7174
100,99.5547,97.9203,97.4599,99.7033,100.121,98.7192,98.1503,99.3701,97.3136,98.152,97.5159,95.5801,96.704,97.5894,98.682,96.9312,95.657,95.9179,96.2717,94.3413,94.411,96.2779,93.5672,92.2581,93.7356,95.9305,98.1018,98.5713,97.7964,98.1484,96.9319,97.7681,98.9327,97.4573,95.5926,96.8534,96.2185,94.4314,95.1333,94.1251,95.8083,95.8973,94.9783,95.4546,95.7337,93.0048,92.096,89.7235,89.049,88.0913,87.1391,85.4159,86.9151,88.4442,88.4755,90.5513,92.1646,92.5625,93.7129,91.6397,90.4215,92.2271,95.1261,97.1415,98.0376,99.2147,100.845,99.1508,99.7271,98.1946,93.3012,93.987,97.7457,98.3673,98.3065,95.2047,93.9317,91.1743,91.4133,88.7539,89.3237,90.4175,89.5993,88.3521,87.1642,87.5419,87.2417,85.4995,86.0507,84.834,88.1958,89.952,90.852,91.3364,90.6096,89.8035,89.4448,91.206,92.9174,93.0388
100,99.6123,100.321,101.213,102.016,101.032,101.773,101.13,102.634,102.496,105.687,105.657,104.821,104.404,106.133,106.712,107.003,108.763,109.347,109.931,111.662,109.857,108.085,106.043,105.55,105.659,106.397,107.704,105.886,106.129,106.066,106.13,105.458,105.835,105.299,106.156,107.46,108.182,106.935,106.089,103.983,104.755,104.794,106.583,107.488,107.322,107.354,108.164,107.082,108.531,106.776,107.952,107.436,108.291,108.734,106.592,104.117,104.084,103.864,100.552,101.062,103.565,105.286,104.239,106.272,107.757,109.228,110.383,109.605,110.844,109.989,107.277,106.678,108.489,106.591,106.377,106.383,105.515,104.801,105.606,106.977,106.14,106.884,107.433,106.631,109.126,110.061,110.001,110.406,108.967,113.583,113.644,115.662,115.86,113.85,115.307,115.762,113.064,113.58,115.771,115.295
100,98.562,96.601,95.0029,92.6825,93.7927,93.0626,93.4423,92.8298,93.5515,93.7623,95.2885,93.8108,93.1919,91.22,92.2908,92.2799,93.3742,95.3478,94.1668,96.2095,97.7163,99.5015,99.1884,95.6005,94.8716,95.7576,98.8497,97.2402,97.464,97.6477,96.7596,94.8565,96.429,95.1341,94.3292,95.0706,94.7238,95.5486,95.901,96.2615,96.7186,97.3549,99.2301,99.8842,99.3934,100.38,102.274,102.142,101.583,101.777,102.219,101.26,103.255,101.936,104.243,102.622,100.965,100.548,99.1139,99.4183,98.5666,98.6378,98.8622,100.3,99.4113,97.6378,99.5648,100.65,99.0747,99.0264,100.099,101.721,102.189,104.236,105.075,104.266,103.377,103.909,103.623,103.956,104.753,105.956,104.124,102.483,102.554,102.435,103.253,104.467,103.747,106.065,104.541,103.73,103.785,104.986,105.329,102.387,102.183,102.616,100.736,101.209
100,102.511,102.522,99.7826,98.1169,98.7422,101.281,102.122,102.807,101.822,103.338,103.686,102.028,101.88,100.343,101.74,102.626,105.465,107.261,106.307,105.971,105.977,102.977,101.934,99.4348,100.367,101.046,99.8499,100.108,99.3673,98.8616,97.0601,95.6777,95.9341,95.0251,97.4765,97.2477,99.3019,97.6081,95.3038,96.8168,97.095,97.3034,99.9367,100.379,98.6055,99.2122,97.9894,94.901,93.5638,93.2609,95.1437,96.6022,96.6943,97.7705,100.578,101.305,101.484,101.56,101.126,99.9384,100.178,100.756,100.809,101.498,102.315,104.245,102.147,102.018,103.814,103.493,104.229,102.962,104.158,105.289,107.455,107.305,108.508,109.986,107.65,109.135,106.872,104.319,103.117,104.989,105.011,107.581,106.026,106.299,107.38,106.805,106.121,107.505,108.228,106.925,105.983,108.246,107.916,109.809,107.803,105.12
100,100.945,100.258,98.2583,100.965,98.9785,94.7628,92.2017,93.8021,95.5506,97.7412,96.8315,97.1316,98.052,98.1539,100.765,101.487,99.5032,99.1302,96.6263,94.4789,94.1617,94.461,93.7099,93.7751,94.6683,93.092,91.9779,88.5575,87.3643,88.4248,87.3683,87.9052,88.6899,88.094,89.1082,87.3976,89.0819,89.1618,87.7322,88.027,86.7272,89.0193,90.3308,90.0374,92.023,89.4155,88.8158,87.282,87.2442,87.6442,85.5321,86.5738,87.6519,88.6373,86.5163,87.8852,87.446,85.5137,83.1893,81.4876,81.7934,81.3312,82.0248,85.5261,85.4859,87.7767,87.5995,88.3611,87.4592,91.0387,92.1576,91.4067,90.8365,91.1407,91.102,92.4483,92.7903,92.741,90.5167,88.1522,87.264,88.7212,90.9104,90.7451,90.4739,90.3713,89.5687,90.8049,92.0298,93.7286,92.7652,95.361,96.1821,98.1971,94.347,92.4679,92.8967,91.79,91.726,92.3533
100,99.9439,97.785,99.3351,98.1145,98.5337,100.313,98.9523,98.7625,97.3083,98.5656,101.515,100.962,100.285,102.285,100.4,101.466,103.044,101.854,103.106,104.004,101.581,104.079,105.504,104.969,104.67,105.757,105.394,105.332,104.902,103.926,105.258,106.29,108.556,107.729,104.713,104.421,101.233,102.536,101.781,102.401,101.052,101.466,102.363,105.597,107.445,108.128,108.333,106.678,105.274,106.736,108.432,106.301,104.661,104.457,103.449,103.722,103.099,103.842,105.309,101.411,102.257,101.041,98.5857,99.8622,98.9251,99.9463,98.633,96.8548,95.7199,99.0202,97.3048,98.3449,97.1593,99.2713,96.9433,97.3658,97.9011,98.6994,99.3391,98.4556,99.6844,99.7788,98.8028,98.7226,99.768,100.724,101.927,99.2442,98.9372,101.574,100.818,99.8597,100.395,101.446,101.853,103.783,102.797,101.101,101.882,101.269
100,98.4779,98.2298,98.0275,98.9867,98.1786,99.2023,98.0982,97.127,96.1434,96.7406,95.9986,95.7219,93.2197,93.861,96.3465,96.727,95.841,97.6583,98.1234,98.8796,95.132,97.2729,96.8973,98.5535,97.4186,96.3391,95.4603,93.5959,93.8706,92.3509,92.0097,92.8521,92.0977,94.2126,93.5552,93.1353,94.1429,95.0171,94.8571,95.5893,95.145,93.2279,94.6803,96.8236,96.2779,96.7269,96.1883,96.1877,94.982,96.7211,95.9635,97.3281,97.9781,99.9621,99.5128,98.4008,97.6749,98.7495,98.0004,98.0529,100.947,103.662,103.487,105.806,104.576,103.958,105.447,107.926,107.538,109.158,106.648,103.823,103.02,103.131,103.692,102.709,101.636,103.221,102.18,100.175,101.097,99.515,102.375,102.389,105.229,106.424,101.19,99.0541,99.2592,99.6451,99.81,99.6439,100.516,98.8208,97.0409,98.1447,97.7296,97.2245,95.5304,94.5768
100,100.039,98.4026,97.5109,96.3947,97.0147,96.3919,95.9588,94.9272,96.7411,97.8652,100.448,101.481,104.307,102.875,102.55,104.886,104.341,105.409,105.353,105.774,106.127,106.946,107.435,107.009,105.708,105.991,106.51,107.205,106.476,104.52,103.318,101.459,101.934,98.9296,99.37,98.8958,97.8272,97.2934,94.9402,93.1285,94.8223,97.2919,96.8013,98.8737,97.2998,97.4698,97.0765,96.3811,98.2898,99.6292,100.603,99.4608,98.4981,98.2228,97.9016,96.9678,95.3991,94.9341,89.9573,87.6995,88.9076,92.2214,91.5915,93.4962,93.4828,94.1384,92.7113,93.2942,91.6387,92.4986,93.6996,94.1094,93.6355,94.6007,95.0282,96.3903,96.2285,95.7834,97.8884,96.5635,96.6509,97.1788,97.7001,97.9175,98.0232,93.7477,96.5012,96.017,95.3124,96.0191,98.1617,100.058,100.837,101.856,101.598,99.9941,99.2085,99.7841,102.522,100.861
100,102.719,103.535,101.583,101.175,99.6045,99.9025,98.8083,96.4917,95.065,94.3732,97.0989,99.0734,99.671,100.626,99.2771,99.0829,99.0081,101.437,103.02,102.317,103.855,103.76,105.383,104.749,106.876,108.487,108.372,107.227,106.847,110.028,113.875,115.3,114.833,111.633,108.608,108.632,107.052,106.333,103.558,104.927,106.046,109.109,110.83,109.08,109.037,110.047,110.984,109.791,108.664,108.889,107.505,105.334,107.214,106.416,105.711,107.113,108.746,108.089,108.527,108.989,108.806,107.666,107.539,107.567,108.838,110.073,109.259,107.757,110.05,108.923,108.179,111.901,113.354,113.089,114.596,113.389,110.41,110.398,109.854,107.707,106.269,108.263,108.632,107.773,108.283,105.562,106.492,104.018,102.551,101.313,102.554,102.999,103.344,103.955,104.579,104.952,104.345,105.076,103.824,104.876
100,101.677,102.49,105.903,103.416,104.864,106.757,108.305,108.524,111.025,109.211,108.666,108.645,107.021,105.795,103.003,103.129,103.29,101.376,99.9045,99.5895,97.97,99.5664,102.805,103.69,104.048,105.136,106.778,105.429,104.957,106.578,106.396,104.633,104.225,104.054,101.353,100.702,99.1541,99.0929,101.303,101.798,100.659,100.495,103.445,104.486,100.771,100.929,101.48,100.257,99.9436,97.1748,99.4289,98.9472,98.5029,100.37,101.69,102.009,101.678,103.324,103.781,102.953,104.588,105.217,105.937,106.56,106.394,106.67,106.724,105.258,103.113,101.239,102.515,102.409,103.16,104.197,105.848,105.51,104.806,104.619,101.487,101.17,99.2401,97.9394,97.0107,95.1508,96.8853,95.8779,94.4955,93.2568,92.5944,93.0376,92.549,93.4403,94.4091,94.9728,92.2409,91.3319,91.9628,93.4995,95.885,95.0368
100,99.9911,102.518,102.651,102.804,102.487,106.09,104.773,104.756,103.137,102.548,99.7512,98.5436,98.7978,100.14,100.08,100.463,102.952,103.085,103.541,102.354,104.148,104.601,105.398,106.121,104.839,102.858,99.0127,97.2787,96.9119,97.5156,97.5876,98.1982,100.212,100.598,101.64,101.671,102.965,102.513,99.674,97.8185,100.565,103.8,103.764,100.721,101.846,102.098,100.474,103.146,103.165,101.608,97.4421,96.0364,97.3057,96.9895,97.9276,97.9168,96.41,97.1332,94.904,95.0209,95.1127,94.3927,92.5619,92.5788,93.0062,91.4874,91.2183,92.3822,93.7065,93.3597,95.8257,94.7219,96.2484,94.3022,97.771,98.5907,95.1175,93.5178,91.448,93.2006,94.8916,95.7975,96.1543,96.7278,97.9767,98.5925,96.7916,97.6735,97.7688,100.497,101.601,102.421,104.077,105.924,106.054,106.287,108.083,108.775,109.86,108.027
100,98.6747,98.0713,98.6377,98.6712,99.333,96.625,96.4094,96.2231,94.7465,93.921,91.5328,90.4682,89.7998,88.6181,89.6747,89.2119,89.3495,91.546,91.3992,91.935,92.2042,93.0989,92.0359,92.7355,93.5761,92.7635,91.0795,90.1469,92.1266,91.3809,93.5769,93.3297,93.5584,92.3978,91.2314,91.4547,90.4954,90.6277,91.8707,93.577,93.5483,92.7961,92.8729,94.6825,93.2675,92.467,92.0232,93.7376,92.8101,94.224,93.4234,91.7285,91.426,91.3988,90.9558,90.7807,90.6402,89.5783,89.1584,89.9083,89.941,91.7325,89.7143,89.8347,84.812,84.0522,84.6637,84.5563,81.8448,80.4341,80.6573,81.8521,80.8371,79.0021,79.159,78.0568,78.6053,78.8569,77.9453,77.4846,77.6229,77.343,76.7665,78.0508,77.1416,76.875,75.0593,76.1407,74.4693,73.2898,73.0349,70.5086,71.2559,72.5154,72.8391,72.2936,72.5051,73.711,72.3359,71.6418
100,101.821,100.886,98.1699,98.9817,98.6521,98.3788,98.4075,98.7971,99.0843,98.333,103.449,102.766,102.764,102.976,100.864,103.705,102.231,102.081,101.336,102.333,103.142,104.071,104.92,106.184,103.953,103.62,105.857,107.5,108.722,107.196,107.548,105.659,104.997,105.67,107.052,107.228,106.15,105.995,105.388,103.451,102.879,101.065,102.319,101.617,105.566,105.705,106.229,103.004,101.529,100.854,100.714,100.689,100.848,102.518,103.059,101.996,100.274,99.9441,100.314,99.956,100.477,100.608,101.113,100.325,100.54,100.744,104.091,104.163,104.651,106.436,105.985,104.718,103.845,106.412,106.076,105.83,105.15,105.758,105.114,105.417,104.34,106.443,105.519,107.106,105.988,104.636,105.353,102.638,102.101,100.317,101.448,102.641,103.145,100.924,99.9689,101.719,99.9746,100.774,100.995,101.606
100,101.024,101.253,99.1932,95.9227,98.0574,100.461,101.956,100.938,98.6835,97.3759,98.1606,99.758,101.844,100.716,98.6188,99.7322,100.918,99.5899,102.963,101.556,103.825,105.252,106.073,107.561,102.695,104.423,106.639,108.223,111.617,113.739,112.834,112.998,112.002,112.786,114.232,118.57,121.026,120.447,118.391,117.583,118.171,119.586,119.473,119.945,121.14,120.752,121.047,124.128,126.799,124.612,126.564,126.973,126.493,126.67,124.887,126.967,127.035,129.303,128.351,126.784,124.967,125.082,124.387,125.279,120.709,121.926,125.114,123.08,122.711,119.675,116.405,120.151,119.937,121.235,116.26,115.691,114.524,112.17,110.596,111.059,111.293,108.468,109.59,111.096,112.592,111.895,112.638,112.386,112.935,112.329,114.003,111.018,111.222,109.979,110.511,111.855,112.748,112.824,111.802,112.449
100,101.02,102.252,104.753,104.17,106.412,107.648,108.333,108.925,108.213,108.042,108.497,110.125,108.438,108.243,108.45,111.031,111.191,109.143,108.764,108.454,108.147,109.115,111.393,110.899,110.834,107.93,108.979,110.537,113.951,115.738,113.731,116.687,117.289,114.445,111.121,108.859,109.818,110.367,111.677,114.6,115.241,118.622,120.126,118.078,118.803,121.233,121.03,123.719,123.416,124.464,126.078,130.656,134.356,132.106,132.16,130.715,131.833,132.796,130.539,131.523,133.747,134.763,132.127,134.303,132.2,130.911,127.854,128.539,127.267,125.123,125.096,121.709,122.63,118.733,117.633,116.947,116.863,116.069,118.413,119.502,123.574,125.501,125.793,127.108,126.316,125.465,123.586,124.622,124.612,125.07,123.099,121.763,119.206,123.798,126.121,126.016,125.136,126.165,126.439,124.177
100,96.0135,97.5923,97.6634,97.2034,95.5359,95.8531,96.508,95.5787,93.65,94.0373,96.0543,97.3613,94.9215,94.4981,92.2231,93.9405,94.7625,95.805,92.4243,91.6613,92.8786,88.5945,88.7345,90.2453,86.4991,86.0618,85.3751,84.9179,85.2374,85.7649,85.1849,86.7017,84.7509,83.4741,83.1991,83.2696,81.8451,79.9373,79.5815,78.62,77.9175,78.0874,79.5986,78.7567,80.6485,81.1379,80.7956,81.6959,82.4614,81.4019,80.3212,82.1428,81.716,81.0788,79.8635,80.6994,81.6095,81.726,82.4313,81.5835,80.2808,81.2396,82.645,83.7522,82.0718,82.1553,83.8038,85.1072,85.675,88.7216,87.8024,88.5184,90.1795,90.8748,90.8453,93.7346,91.5334,93.5857,95.2081,94.7064,94.7696,95.9589,94.9959,94.7447,94.0266,93.1044,93.8952,93.8887,95.3952,94.4441,92.301,91.0067,92.832,93.0221,94.3031,97.9185,97.6829,96.605,94.7412,98.2342
100,100.436,100.424,100.991,100.496,101.577,101.175,100.836,102.041,102.206,100.481,99.2401,101.372,99.537,100.061,102.056,100.466,101.018,102.099,101.262,97.714,95.5843,96.4839,97.6259,97.1211,94.6649,92.5125,93.0007,90.9105,92.1403,91.3797,94.0064,94.1979,94.6911,92.9314,93.7966,92.6832,91.3046,91.4891,91.6089,91.4087,92.4359,91.6135,94.5396,93.0789,93.5902,94.9637,94.5369,98.6387,98.9919,99.9303,102.22,103.477,105.134,106.032,105.721,104.859,105.83,108.483,107.264,107.69,106.434,108.017,108.227,106.481,107.49,103.591,103.057,103.667,103.5,103.109,103.419,102.201,102.396,102.028,101.503,101.283,102.504,102.958,103.597,102.792,100.81,101.625,104.817,106.392,106.137,106.016,107.036,106.711,104.156,104.984,105.814,104.444,102.616,102.411,101.188,103.513,103.264,103.341,103.651,101.975
100,100.615,101.552,101.054,99.7785,96.8071,96.0524,96.3828,97.7213,96.9383,99.8699,98.9298,95.6279,93.1003,91.7285,92.9706,94.3788,93.0123,94.3162,93.6232,94.1571,93.3035,92.0195,91.3236,92.8895,95.3481,95.109,94.079,92.6866,94.782,95.4773,94.1426,94.2384,97.505,96.0187,97.5679,97.0549,97.6062,99.9943,102.847,101.782,105.324,105.945,106.023,106.255,105.218,104.36,105.821,104.606,103.51,104.872,102.754,101.51,100.443,100.447,101.273,102.54,101.742,98.4007,97.5758,96.3687,98.3382,97.2913,96.249,95.8676,95.9735,98.3892,99.8846,98.4824,97.4868,98.156,97.398,96.6777,96.5263,93.3092,91.4908,93.2651,91.8614,91.6127,92.2373,90.4526,91.4727,89.0107,89.1052,89.474,89.9618,91.5742,91.9864,90.3168,91.3987,91.1264,92.7805,92.6459,89.8939,88.5285,89.4158,88.1805,89.9822,89.0922,88.4595,87.1437
100,99.8225,98.7639,99.8578,95.3284,97.057,98.1175,97.701,95.5084,97.0171,98.4229,98.596,100.829,98.4648,98.4008,97.733,99.3323,99.3026,99.3737,98.1695,94.6209,94.57,95.2405,96.3927,97.0877,96.3479,95.1632,96.2996,96.1125,93.5333,93.2196,94.2758,94.0111,94.4302,96.3942,95.8189,93.6768,94.9272,95.6307,95.2846,96.0371,95.1225,96.3811,97.4973,97.79,98.6989,99.5825,98.0172,98.8907,97.5457,97.5912,95.8792,95.4771,92.6483,93.1519,93.1922,94.0841,93.8107,96.538,97.5575,97.2736,97.6988,97.5011,97.1247,98.6101,96.1165,97.8796,95.2425,97.5796,94.8346,96.8,97.0558,99.993,102.844,101.389,101.06,99.4097,100.026,104.001,103.591,100.426,100.733,100.2,101.05,101.002,100.182,97.8789,96.7661,97.2435,96.1675,97.7865,97.6503,97.8823,97.9917,96.5021,95.8716,93.9816,91.9642,92.0249,92.407,93.3
100,100.828,100.848,99.1063,97.3355,98.2756,97.9282,96.2966,96.2922,95.7687,96.0205,95.6145,96.415,98.2224,96.592,96.6937,97.9484,96.8946,95.4907,94.8307,97.044,100.154,98.528,98.3616,97.6496,98.7413,98.0281,99.3698,98.6072,101.09,101.409,105.069,104.229,106.44,102.735,100.711,100.835,102.809,104.887,102.922,105.102,106.967,109.012,106.817,109.153,109.811,110.121,111.051,112.509,114.683,113.857,115.749,112.726,112.453,113.825,112.88,111.224,112.199,117.285,119.591,119.241,117.631,117.485,116.4,115.192,115.693,115.87,115.406,117.998,118.866,117.876,117.874,118.614,119.891,120.798,120.468,119.522,118.851,118.283,114.897,113.805,110.783,108.274,109.248,109.379,109.085,108.31,107.939,108.721,109.28,108.596,108.62,106.481,107.9,108.609,109.763,109.769,110.122,112.464,109.26,107.687
100,100.307,101.482,103.338,102.444,104.574,103.911,105.44,106.316,107.197,108.161,106.989,107.36,108.875,109,109.851,111.073,110.735,107.235,105.461,104.972,101.766,103.182,105.285,106.643,106.544,106.226,105.016,106.579,105.116,106.191,106.689,104.739,102.024,102.003,101.381,103.58,106.124,106.968,109.057,109.488,111.872,110.429,109.493,108.143,108.605,106.229,107.486,108.537,109.177,106.826,107.844,108.54,104.434,103.23,103.023,104.148,104.019,104.482,105.672,106.07,107.928,104.907,107.519,107.243,106.155,105.436,106.258,106.04,106.982,106.558,106.636,106.031,106.627,110.268,107.825,108.563,110.342,112.632,114.444,113.226,113.329,113.919,113.056,115.293,115.68,114.435,116.136,117.09,115.603,115.362,113.482,117.86,119.279,119.402,118.398,120.491,119.435,116.06,117.206,118.762
100,101.037,99.8675,101.919,102.512,100.669,98.7623,97.2102,97.5991,99.4318,99.5261,99.589,101.449,101.306,98.9334,96.6787,97.1223,95.7613,97.0437,99.7225,99.6215,100.537,101.343,99.3138,98.9717,102.035,101.691,100.846,101.037,101.977,101.946,103.374,103.754,103.396,106.148,105.3,103.563,104.878,105.799,104.623,105.124,105.437,106.187,105.899,106.825,106.573,109.194,110.497,110.5,109.659,112.721,110.658,113.507,110.126,110.847,111.027,111.101,110.844,108.113,109.099,107.722,106.677,106.705,107.451,107.742,108.774,107.573,109.323,111.186,111.307,108.829,110.353,110.238,108.551,108.465,108.1,108.597,109.931,111.072,111.68,106.522,108.28,106.851,106.245,105.521,106.303,107.7,107.845,108.461,107.49,108.868,111.458,110.986,108.337,109.268,109.88,108.835,108.44,106.672,106.803,109.854
100,99.6672,100.284,101.479,102.949,102.895,102.485,102.762,101.831,100.646,101.123,99.1076,97.5108,97.5133,98.1493,98.861,98.7554,97.1708,95.8614,93.3652,93.7255,97.2531,96.8903,96.2776,94.3262,94.0104,90.9999,91.663,94.4175,97.5627,96.6732,97.3587,94.8033,94.4668,94.5788,92.9008,94.0575,94.3414,94.8079,97.6331,96.3618,96.1783,95.9321,95.7134,94.2395,93.8969,97.2433,98.6658,99.4623,98.8638,98.6114,98.27,98.9941,100.426,99.9404,101.801,101.714,99.7007,99.5815,96.823,91.8076,92.1974,89.8844,87.2089,85.9406,84.5465,84.3955,84.9738,85.5881,82.2816,82.9776,82.8413,82.915,80.2415,78.7696,80.0576,79.9416,78.9474,75.8693,77.18,77.3495,79.6321,79.2705,76.8595,74.7804,72.1283,73.257,72.9441,73.4697,73.0086,72.0247,71.6911,70.3027,69.8726,69.905,70.1887,69.5795,69.3123,71.0722,70.0441,70.9299
100,97.995,99.6947,99.3612,100.647,102.692,97.3729,98.6004,99.9115,100.606,100.639,98.7165,100.276,98.7089,97.5407,96.1448,99.4467,98.7661,101.203,102.767,100.808,98.0534,95.4533,97.4118,100.47,99.4661,96.7367,95.3413,92.7848,92.8702,91.6273,93.3664,93.4267,91.8922,92.2626,91.7146,91.4305,92.1725,93.213,91.5883,90.3984,89.4651,86.8639,87.0693,87.3455,87.8812,87.2313,88.7341,89.4652,91.2822,93.8176,93.7982,93.0789,93.2321,92.488,92.6803,94.5568,95.112,95.2612,95.2686,97.0045,98.1987,98.4752,97.8183,98.3278,99.5448,101.05,98.2137,99.1188,99.9253,100.176,98.3837,97.0884,98.3506,99.6549,98.7361,98.4434,97.4663,100.178,98.625,98.2624,99.0586,97.2314,96.598,97.5924,97.4489,97.6245,96.444,98.4836,97.9542,99.1292,98.191,97.6486,99.7343,101.151,100.268,100.943,98.2341,100.076,97.7035,97.5884
100,97.6176,96.564,96.3326,98.2028,97.0148,101.759,100.394,99.4284,101.826,101.574,99.2744,100.816,101.881,103.764,102.707,103.478,103.714,102.775,104.843,103.983,100.932,100.039,98.1789,96.2591,96.594,96.2272,96.9197,97.0182,96.7182,96.3672,98.1496,100.779,102.202,102.855,101.592,98.6418,97.4476,96.8278,97.4652,95.1979,95.1984,97.2199,97.1766,98.1521,99.5412,98.8938,96.1164,94.052,95.2894,93.2223,93.7738,93.9167,92.2771,94.6443,94.0939,95.8326,95.9699,95.1903,94.9051,95.2666,95.4089,96.3118,95.7225,95.452,93.5055,93.8625,93.3578,91.8538,94.8599,95.6634,93.1062,92.8997,93.8474,92.7404,90.9209,89.6,90.2502,91.1637,89.9434,87.951,89.1072,90.8085,88.0852,86.5019,86.1305,86.4987,87.3493,87.6078,87.0506,85.8045,84.6973,83.5584,83.7579,84.4926,85.4395,83.4296,84.4229,83.9912,82.8278,81.5686
100,100.402,98.578,98.1864,98.1586,97.5951,97.0743,97.1162,97.3535,97.8655,96.9554,96.8433,97.4305,99.0298,100.025,98.4719,98.3697,99.6966,96.6009,96.5981,97.8544,96.6212,96.4061,95.2802,95.633,94.4058,95.0272,95.6141,95.7881,94.1507,95.2392,97.5374,94.6981,94.8512,97.2405,96.8919,97.5898,99.5626,99.6615,98.5933,100.021,101.215,102.549,103.056,102.916,102.844,103.528,102.827,103.954,105.553,103.708,101.812,102.105,103.836,104.161,104.523,103.835,106.617,107.016,108.852,107.511,104.92,106.682,105.72,106.309,108.311,106.835,106.009,103.963,105.779,109.596,109.445,107.355,106.529,110.438,107.5,106.104,106.686,105.634,105.352,106.633,103.638,104.768,104.843,105.073,105.104,106.574,102.98,101.7,100.04,96.9339,96.1766,95.2437,94.4206,92.0013,91.4921,92.0632,93.378,92.5724,91.3768,91.038
100,99.8931,98.0321,96.9984,95.4161,96.9635,96.9084,98.9321,101.99,105.505,105.411,103.865,104.766,103.742,103.912,102.08,100.167,101.334,101.128,99.2374,100.866,101.631,101.184,102.271,102.527,104.529,103.86,105.075,105.089,105.204,104.617,103.309,100.827,101,100.702,100.138,104.234,106.948,104.735,102.917,104.623,105.97,106.74,107.289,107.578,108.422,107.403,103.112,102.363,99.7797,100.097,98.3988,99.9323,97.2685,93.6662,93.9501,93.9098,92.3999,90.4371,91.7898,91.7969,92.3436,90.666,91.1188,88.7323,89.4561,90.5002,91.7927,93.1966,93.3689,96.0051,94.6485,97.3251,97.1747,96.8913,93.4388,91.9785,90.6986,91.9135,94.1426,93.5887,96.0795,96.933,97.7697,97.9682,96.7257,96.3917,95.7732,96.5945,95.7774,96.7336,96.613,96.3751,95.7736,97.3584,96.0407,97.7903,96.7892,97.205,96.0166,97.6619
100,98.9321,99.8394,100.016,99.8166,100.569,100.163,99.179,99.5791,99.2355,101.876,102.181,102.761,102.843,102.353,102.485,101.851,102.419,104.242,104.17,104.804,104.052,103.78,99.8924,100.095,99.3671,99.6004,99.2632,99.8651,99.3111,99.4989,96.9292,98.6668,97.2832,98.7722,97.3628,94.6797,94.682,95.9194,94.6628,92.8147,93.9477,93.9314,96.1785,94.4286,95.7157,96.3391,95.6916,91.4683,91.0518,88.3547,88.1165,86.2578,84.8732,86.7535,88.2622,87.9716,88.4453,89.9825,90.0392,88.5879,85.9385,87.5371,88.8887,87.4965,88.2973,90.1396,91.5115,88.0655,89.0433,89.8521,90.04,90.3131,89.6243,88.4702,87.7983,88.1025,90.1403,88.2748,86.8105,85.7005,84.5976,85.238,85.4447,84.4889,85.1271,86.7307,87.96,86.5997,86.2753,89.1213,89.2748,88.5796,87.1744,87.9086,88.0028,89.7648,87.0773,86.5333,88.248,89.9102
100,101.823,103.658,103.644,105.488,103.998,103.828,103.359,102.474,104.98,105.106,107.272,103.87,103.726,102.154,105.05,103.915,104.759,103.985,102.175,103.084,104.989,104.856,106.196,104.81,106.682,106.167,102.953,105.704,105.022,102.91,103.762,106.091,107.205,105.201,106.612,105.155,103.711,104.58,106.545,106.46,106.967,103.917,103.912,102.187,105.33,106.083,108.464,108.442,107.649,106.297,106.644,107.616,107.057,106.544,106.099,108.268,106.884,105.25,108.876,110.004,113.614,112.733,112.277,112.281,111.966,110.441,109.061,107.831,110.744,107.989,108.455,110.229,110.242,110.023,108.152,106.898,106.494,107.675,104.979,105.519,103.693,103.217,104.797,105.588,104.601,106.94,106.282,104.483,105.188,104.093,101.342,99.204,100.318,99.8103,101.117,99.5599,101.917,102.503,100.024,98.8259
100,100.929,99.3434,99.6687,98.7303,99.9117,99.2347,99.5589,97.7728,98.3183,99.3193,100.092,102.61,102.811,104.266,104.614,105.952,106.122,106.196,103.746,103.988,102.23,103.503,104.128,103.616,104.407,100.716,99.5838,101.324,101.45,101.34,101.527,100.949,101.189,100.587,100.905,100.81,99.4545,102.305,102.175,101.948,100.722,100.057,99.6875,103.094,103.917,104.752,104.263,103.661,100.672,100.609,103.004,102.051,102.849,105.419,105.852,109.386,107.482,106.711,104.229,103.819,102.522,101.103,99.8209,100.817,99.0209,98.2899,97.9545,95.7518,96.1812,96.0636,96.5295,97.3095,97.2358,97.732,100.19,98.4112,98.1323,98.3424,94.7932,91.1571,89.4324,89.7754,89.3152,90.7718,91.8155,93.0917,94.3478,94.1524,92.0732,92.1564,92.9859,93.0441,92.8436,92.7538,93.1181,90.7299,89.5825,89.6786,89.4188,90.7301
100,99.8621,101.596,102.5,102.37,101.703,102.381,102.174,103.217,103.917,103.74,103.91,103.456,104.76,105.254,105.702,106.923,107.339,103.111,104.072,104.721,101.369,99.9181,98.0809,99.3007,98.4483,100.294,100.847,99.2945,100.153,101.11,100.044,100.826,100.249,97.9461,98.6087,96.9136,97.187,98.4961,98.0517,98.0699,95.3647,96.8029,99.5064,97.7045,98.5116,96.6548,93.848,94.9164,96.7575,94.2297,92.896,91.5427,90.2125,89.5173,87.9291,88.649,90.2228,87.5487,86.5669,85.0956,85.2033,86.2936,87.4179,88.9113,90.3083,89.7048,88.9079,89.1521,87.3979,87.8007,88.7566,89.8978,87.2982,87.4751,88.073,89.6339,89.406,89.3927,88.9432,88.2364,87.5619,88.6018,88.4479,88.0974,87.2888,87.1735,87.6452,87.4363,87.2341,86.0535,85.9882,88.5257,87.136,85.9228,88.0621,86.3886,84.7148,86.0279,87.6445,87.9463
100,99.9586,97.0877,100.409,100.521,104.558,102.673,104.705,103.01,101.896,102.392,102.255,99.6195,101.253,102.648,102.913,102.246,103.946,103.821,103.167,105.228,105.546,104.307,102.412,103.098,101.035,98.8759,100.549,102.139,102.297,103.518,104.771,106.016,104.122,105.834,105.557,104.271,105.003,106.329,106.8,107.03,106.229,107.135,104.983,106.461,106.391,105.755,106.612,104.892,103.565,104.98,104.193,102.575,99.8614,101.896,103.245,101.625,100.129,99.9609,102.116,103.756,102.367,103.533,104.345,104.959,103.638,104.667,106.668,108.961,110.504,109.578,110.311,108.482,109.948,110.951,110.599,111.045,105.644,103.844,104.337,104.659,105.197,107.118,107.194,108.257,109.723,109.716,108.032,107.702,109.66,110.795,113.432,111.617,114.535,114.454,114.208,112.95,114.012,114.689,111.914,111.136
100,100.208,99.1743,98.9018,97.305,96.4247,95.231,96.1917,96.7275,98.1679,97.7314,95.4962,94.1053,92.588,90.7285,93.5301,91.6849,93.0078,90.8379,91.1658,91.1492,91.6177,90.3765,91.6604,90.4072,90.2402,91.6356,92.2558,92.1771,93.6285,94.1896,94.1672,95.6094,96.8064,96.1245,96.3097,96.1005,97.5428,98.3475,97.4905,97.896,100.19,102.943,101.538,99.9897,101.298,100.109,99.36,102.148,101.001,101.281,102.569,105.237,101.899,100.644,99.7899,101.382,101.854,103.177,101.934,99.1164,98.1195,97.6117,98.2259,98.4188,99.1439,101.857,101.14,103.449,102.871,104.711,103.207,101.792,103.132,99.0164,101.153,99.1918,96.8706,96.6338,96.9328,95.3076,96.1801,93.4548,92.4252,90.3164,90.9755,91.2681,89.4763,90.5777,92.0985,91.6857,92.1136,91.7011,93.5307,93.78,91.8202,91.1892,91.4688,90.1433,89.4164,87.3041
100,100.134,101.256,101.778,99.4078,100.114,100.373,100.514,101.012,100.448,100.33,100.772,100.752,99.2362,98.6651,101.481,101.561,103.196,102.752,101.524,102.554,102.548,102.653,106.382,103.732,101.815,100.092,99.4708,100.344,101.214,102.244,102.038,104.951,105.075,106.525,107.558,105.668,103.366,100.956,101.71,103.551,102.59,100.727,99.7598,102.92,103.983,105.936,104.657,104.499,103.04,101.837,101.751,99.393,100.734,102.396,102.72,103.506,104.771,104.443,106.977,107.218,104.758,101.415,101.241,99.3368,97.6602,97.1592,95.9773,94.8619,94.4304,94.9903,93.2013,93.4275,93.6115,93.8616,96.415,96.2794,95.7628,96.6771,96.8414,94.0048,93.9598,93.9807,93.3765,92.2813,94.1266,94.2374,91.9171,91.3866,92.6064,95.6436,99.1224,99.4231,99.3337,99.2181,101.299,102.686,101.454,100.231,100.957,100.732
100,98.8272,98.2693,97.8924,98.0923,99.3326,99.7818,100.178,100.551,102.363,101.543,99.0784,97.8221,99.3773,97.7817,99.7485,100.463,104.021,101.953,99.2495,98.8419,96.8961,100.145,99.8523,99.2692,98.0967,98.7776,99.9273,101.524,103.585,103.636,103.223,103.137,103.621,106.784,105.427,103.871,100.111,100.16,100.027,99.0861,97.2147,96.9874,98.7437,98.0912,98.2532,99.7241,99.4994,99.4153,99.5899,99.9671,100.748,101.264,100.808,98.9746,97.5434,97.856,97.5519,96.5736,96.9105,96.6815,98.1214,96.878,97.1109,96.8693,97.2352,96.7088,96.1716,98.6305,97.4073,96.6218,96.5367,96.4686,97.1736,97.2689,97.2551,97.7797,98.8243,101.775,99.4081,97.7844,98.0306,97.0151,96.1102,94.9923,94.5182,94.5745,96.1397,93.1708,91.3719,92.5621,91.0119,91.1087,91.7992,90.9692,92.0736,93.2242,95.0473,95.4195,94.8757,94.0154
100,96.0816,96.5169,97.3854,98.6533,97.7386,98.8952,98.8041,100.96,101.725,102.688,103.237,102.47,102.371,104.726,105.527,105.151,104.189,105.293,105.357,106.838,107.42,106.399,109.609,110.164,111.206,112.251,112.306,112.879,112.444,111.547,109.359,111.056,112.844,112.091,112.555,114.69,116.149,113.607,112.919,114.508,115.311,118.074,119.15,118.622,121.471,120.58,120.968,119.223,117.398,117.961,119.268,123.875,125.573,124.097,125.063,123.557,125.523,121.792,125.048,126.254,125.232,123.97,126.211,126.52,124.898,122.006,125.566,126.087,125.511,124.013,122.539,123.108,122.697,125.451,125.105,125.857,127.015,127.813,129.832,129.339,128.495,132.431,130.187,125.155,126.948,124.149,126.686,122.473,123.466,126.003,125.21,125.818,128.51,125.779,127.307,128.977,130.057,128.852,133.904,134.09
100,101.357,102.452,104.008,105.704,101.532,99.2701,99.2366,98.4817,97.8142,96.9232,97.7921,97.3126,97.2171,95.7111,96.5361,96.4526,98.9375,100.702,97.6653,96.5789,94.2694,93.9421,92.7162,96.5832,97.9719,98.83,101.965,102.513,101.234,100.943,102.113,100.759,99.4231,99.1565,100.244,100.935,102.334,102.776,101.87,102.027,100.669,101.929,103.738,101.981,104.58,104.048,103.4,104.765,108.806,109.631,110.621,111.91,115.065,114.05,113.059,115.343,115.655,118.979,117.922,116.441,114.991,116.546,115.793,113.878,112.736,112.264,113.849,113.087,112.224,112.684,112.481,111.773,111.676,111.573,111.929,113.446,115.926,116.348,114.197,117.473,116.873,114.096,114.77,116.157,115.488,117.359,114.948,111.557,113.377,114.372,116.843,113.485,113.386,114.209,116.99,115.9,116.787,118.4,121.325,120.002
100,100.066,98.9233,99.0528,100.12,100.626,101.004,100.347,101.761,101.872,102.243,101.799,101.323,102.015,101.01,99.7643,99.4279,100.065,101.003,100.642,102.483,104.089,105.568,104.607,104.829,108.167,107.726,107.628,109.025,107.287,107.064,106.974,108.261,109.412,108.476,107.508,110.979,109.954,111.156,113.671,113.25,112.627,116.427,117.092,118.02,118.561,119.048,114.466,113.643,111.261,110.773,110.874,109.841,108.803,108.404,108.078,108.01,108.065,104.725,106.779,106.915,107.334,106.206,106.011,103.403,103.189,103.817,104.164,107.253,106.128,106.221,106.048,109.517,111.76,110.803,108.936,107.729,107.583,106.211,107.597,108.637,110.747,109.343,111.297,112.836,112.202,111.736,112.973,112.251,112.027,110.408,110.143,111.846,109.944,111.888,111.561,112.112,113.149,111.092,109.916,112.494
100,99.1845,100.543,99.1449,98.4942,98.6658,96.3685,98.9296,101.54,100.631,101.58,103.215,100.964,100.5,101.202,102.145,101.416,101.805,100.548,103.969,102.065,103.09,102.035,101.803,99.9718,101.662,103.048,102.852,104.064,102.383,101.368,101.548,103.886,105.744,106.228,106.044,107.01,106.02,107.239,109.559,107.001,106.528,105.678,104.733,104.41,105.025,106.801,104.755,104.293,100.434,100.917,102.995,103.379,105.293,105.417,108.7,106.694,107.486,109.298,108.051,107.091,109.068,108.972,109.011,106.856,108.385,109.615,107.278,108.49,108.623,110.51,110.492,108.693,109.669,106.431,104.4,104.219,103.12,102.687,99.1831,98.234,97.9112,95.4456,96.8758,96.3044,95.5533,94.6561,94.3919,93.7227,93.1634,93.3114,96.588,97.4448,98.0439,96.835,98.3934,98.4572,97.3912,97.7108,98.6358,96.9112
100,98.3749,98.5241,99.3711,100.41,98.4296,97.8142,100.234,100.114,99.0068,98.2283,98.9441,101.834,103.244,102.755,103.291,105.157,105.881,106.681,106.961,105.561,106.712,104.559,105.309,107.161,106.112,105.698,107.116,105.008,107.748,108.219,107.904,107.667,103.099,101.396,99.6853,96.9428,96.5616,93.9393,92.806,92.9716,93.1649,94.5926,94.1111,94.0969,93.6927,90.4359,89.2103,88.8544,88.6762,89.5923,91.9356,92.1516,91.5922,92.329,93.6186,92.5155,94.8777,94.2876,95.7019,94.911,95.2089,95.5337,95.3469,95.4547,96.3334,96.2401,92.6276,92.5268,94.6104,94.4567,96.624,96.0084,93.7367,93.4289,92.6556,92.6617,91.0131,92.8105,92.3666,92.7295,91.0446,92.1338,92.727,93.0564,92.5614,90.264,90.7661,90.7392,90.306,90.4232,90.5574,93.2389,93.8768,94.4387,93.604,91.0672,92.8842,90.5337,90.9203,91.6589
100,97.1764,97.7668,97.0447,96.321,97.4064,100.038,100.771,98.2624,95.8518,93.6844,94.7622,95.4334,98.1752,98.8784,99.1535,99.7283,101.046,99.2016,102.264,99.7207,103.963,105.358,106.851,107.504,107.455,107.024,104.694,103.044,102.987,103.304,101.915,100.271,98.6277,98.696,97.1246,97.6699,95.9834,96.3754,92.939,91.3402,93.3744,93.166,93.6429,95.6478,96.8921,93.9685,93.4075,93.7461,94.6406,96.394,94.3566,97.1849,95.4946,93.5896,95.8645,95.4689,94.6153,93.7387,94.9571,95.5776,97.1051,93.8276,93.7004,92.7873,92.501,94.5108,92.4153,90.2849,89.8448,89.823,89.2939,89.3924,89.4439,91.1472,92.2951,89.8437,90.073,92.6973,91.6185,91.9602,92.6805,92.358,93.0017,94.618,94.7784,97.4128,95.8161,94.2039,95.6628,97.4744,97.1839,94.7773,93.7151,93.4874,92.4084,90.4486,88.5632,87.2993,87.6917,88.8128
100,99.3155,100.121,99.6864,97.9663,96.8913,97.4035,97.2411,99.2591,96.2658,95.6672,93.8725,94.0699,95.7754,98.0532,99.7042,101.089,98.8698,98.3256,100.323,97.4303,97.0118,93.2985,94.4233,92.4103,93.7877,94.3706,96.3816,95.2118,96.689,94.12,92.2338,93.1804,94.7424,95.1804,96.2085,95.8018,96.6118,95.3746,95.9298,100.38,99.8783,96.9092,96.9858,95.4484,94.8755,93.6137,93.8587,92.8234,92.5435,91.6807,91.9735,94.7122,95.2442,96.3097,94.6414,94.3259,90.8329,89.8197,90.1498,90.1158,87.6889,87.5115,89.5642,91.114,91.9048,90.4552,93.8667,93.4691,92.1412,88.9139,89.7623,89.9822,90.8932,91.4984,90.7751,92.2098,93.4734,93.9547,93.9945,95.7699,96.2082,97.1697,97.7514,100.677,102.061,104.6,103.691,102.89,106.77,106.097,105.769,102.801,103.847,103.436,102.673,102.115,101.576,102.794,102.052,104.711
100,98.354,99.538,99.1406,98.9045,100.566,100.975,101.284,101.59,102.861,102.897,100.642,99.7928,100.381,101.383,97.6673,99.6487,99.8301,99.698,99.5869,97.3229,100.424,102.253,101.77,103.308,104.758,106.785,105.863,105.106,103.451,103.207,103.99,103.52,102.946,104.589,105.642,107.889,106.406,107.551,108.476,111.474,110.635,110.098,108.418,107.929,106.45,108.069,107.352,107.846,109.188,110.322,110.287,109.231,112.072,109.639,107.339,109.1,108.899,107.488,106.39,106.474,107.134,105.293,105.402,108.206,107.575,107.121,106.049,104.305,101.047,102.81,102.874,103.004,104.162,104.37,103.672,103.789,105.855,104.821,109.421,111.172,110.117,109.669,110.406,111.187,112.639,113.75,115.628,116.751,118.947,121.152,121.604,117.454,119.359,117.71,120.359,116.213,114.307,112.83,112.213,112.842
